Timestamp,Total Estaciones,Total Bicis,Capacidad Total,Estaciones Vac√≠as,Estaciones Llenas,Health Score,Temperatura,Lloviendo
2026-01-27T20:50:56.534Z,84,589,1427,6,6,79,5.8,0
2026-01-27T20:55:56.624Z,84,598,1427,6,6,79,5.8,0
2026-01-27T21:00:56.750Z,84,587,1427,6,6,79,5.8,0
2026-01-27T21:05:56.835Z,84,594,1427,6,6,79,5.8,0
2026-01-27T21:10:56.969Z,84,590,1427,6,6,79,5.8,0
2026-01-27T21:15:57.046Z,84,591,1427,6,6,79,5.8,0
2026-01-27T21:20:57.147Z,84,589,1427,6,6,79,5.8,0
2026-01-27T21:25:57.228Z,84,601,1427,6,6,79,5.8,0
2026-01-27T21:30:57.375Z,84,600,1427,6,8,75,5.8,0
2026-01-27T21:35:57.458Z,84,603,1427,6,8,75,5.8,0
2026-01-27T21:40:57.522Z,84,610,1427,6,6,79,5.8,0
2026-01-27T21:45:57.654Z,84,616,1427,6,7,77,5.9,0
2026-01-27T21:50:57.731Z,84,614,1427,6,7,77,5.9,0
2026-01-27T21:55:57.826Z,84,623,1427,6,7,77,5.9,0
2026-01-27T22:00:57.962Z,84,622,1427,6,7,77,5.9,0
2026-01-27T22:05:58.042Z,84,622,1427,6,7,77,5.9,0
2026-01-27T22:10:58.108Z,84,620,1427,6,7,77,5.9,0
2026-01-27T22:15:58.222Z,84,617,1427,7,7,75,5.9,0
2026-01-27T22:20:59.293Z,84,615,1427,7,7,75,5.9,0
2026-01-27T22:25:58.424Z,84,610,1427,8,7,73,5.9,0
2026-01-27T22:30:58.540Z,84,610,1427,8,7,73,5.9,0
2026-01-27T22:35:58.634Z,84,609,1427,8,8,71,5.9,0
2026-01-27T22:40:58.751Z,84,616,1427,8,8,71,5.9,0
2026-01-27T22:45:58.827Z,84,615,1427,9,8,70,5.9,0
2026-01-27T22:50:58.935Z,84,618,1427,8,8,71,5.9,0
2026-01-27T22:55:59.028Z,84,614,1427,8,8,71,5.9,0
2026-01-27T23:00:59.128Z,84,619,1427,8,10,68,5.9,0
2026-01-27T23:05:59.223Z,84,611,1427,8,9,70,5.9,0
2026-01-27T23:10:59.380Z,84,617,1427,9,9,68,5.9,0
2026-01-27T23:15:59.438Z,84,621,1427,9,9,68,5.9,0
2026-01-27T23:20:59.493Z,84,623,1427,9,9,68,5.9,0
2026-01-27T23:25:59.632Z,84,625,1427,9,9,68,5.9,0
2026-01-27T23:30:59.712Z,84,622,1427,9,9,68,6.0,0
2026-01-27T23:35:59.819Z,84,623,1427,9,10,66,6.0,0
2026-01-27T23:40:59.906Z,84,622,1427,9,9,68,6.0,0
2026-01-27T23:46:00.002Z,84,625,1427,9,9,68,6.0,0
2026-01-27T23:51:00.149Z,84,624,1427,8,9,70,6.0,0
2026-01-27T23:56:00.273Z,84,624,1427,8,8,71,6.0,0
2026-01-28T00:01:01.368Z,84,625,1427,8,9,70,6.2,0
2026-01-28T00:06:00.431Z,84,626,1427,7,10,70,6.2,0
2026-01-28T00:11:00.513Z,84,625,1427,7,10,70,6.2,0
2026-01-28T00:16:00.634Z,84,627,1427,7,10,70,6.2,0
2026-01-28T00:21:00.700Z,84,628,1427,7,10,70,6.2,0
2026-01-28T00:26:00.838Z,84,629,1427,7,10,70,6.2,0
2026-01-28T00:31:00.936Z,84,631,1427,7,10,70,6.2,0
2026-01-28T00:36:01.044Z,84,632,1427,7,10,70,6.2,0
2026-01-28T00:41:01.118Z,84,632,1427,7,10,70,6.2,0
2026-01-28T00:46:01.232Z,84,632,1427,7,10,70,6.2,0
2026-01-28T00:51:01.314Z,84,632,1427,7,10,70,6.2,0
2026-01-28T00:56:01.405Z,84,632,1427,7,10,70,6.2,0
2026-01-28T07:01:18.961Z,84,560,1427,9,6,73,6.2,0
2026-01-28T07:06:18.188Z,84,563,1427,10,6,71,6.2,0
2026-01-28T07:11:08.884Z,84,569,1427,8,7,73,5.8,1
2026-01-28T07:16:08.981Z,84,594,1427,9,7,71,5.8,1
2026-01-28T07:21:09.076Z,84,606,1427,7,8,73,5.8,1
2026-01-28T07:26:09.231Z,84,613,1427,7,9,71,5.8,1
2026-01-28T07:31:09.268Z,84,620,1427,7,9,71,5.8,1
2026-01-28T07:36:09.382Z,84,624,1427,7,9,71,5.8,1
2026-01-28T07:41:09.552Z,84,623,1427,7,8,73,5.8,1
2026-01-28T07:46:09.589Z,84,593,1427,7,7,75,5.7,1
2026-01-28T07:51:09.692Z,84,587,1427,7,7,75,5.7,1
2026-01-28T07:56:09.823Z,84,587,1427,7,7,75,5.7,1
2026-01-28T08:01:09.892Z,84,587,1427,7,7,75,5.7,1
2026-01-28T08:06:11.929Z,84,574,1427,6,6,79,5.7,1
2026-01-28T08:11:10.090Z,84,564,1427,6,6,79,5.7,1
2026-01-28T08:16:10.205Z,84,563,1427,6,6,79,5.9,1
2026-01-28T08:21:10.317Z,84,573,1427,6,7,77,5.9,1
2026-01-28T08:26:10.403Z,84,580,1427,6,7,77,5.9,1
2026-01-28T08:31:10.503Z,84,587,1427,7,8,73,6.2,1
2026-01-28T08:36:10.577Z,84,596,1427,7,8,73,6.2,1
2026-01-28T08:41:10.692Z,84,592,1427,7,9,71,6.2,1
2026-01-28T08:46:10.800Z,84,587,1427,8,8,71,6.5,1
2026-01-28T08:51:10.885Z,84,599,1427,7,7,75,6.5,1
2026-01-28T08:56:11.040Z,84,610,1427,7,7,75,6.5,1
2026-01-28T09:01:11.123Z,84,612,1427,8,7,73,6.7,0
2026-01-28T09:06:11.670Z,84,601,1427,8,7,73,6.7,0
2026-01-28T09:11:11.293Z,84,593,1427,8,8,71,6.7,0
2026-01-28T09:16:11.388Z,84,582,1427,9,8,70,7.1,0
2026-01-28T09:21:11.482Z,84,579,1427,9,6,73,7.1,0
2026-01-28T09:26:11.615Z,84,602,1427,10,6,71,7.1,0
2026-01-28T09:31:11.674Z,84,602,1427,10,6,71,7.6,0
2026-01-28T09:36:11.786Z,84,597,1427,9,7,71,7.6,0
2026-01-28T09:41:11.888Z,84,599,1427,9,7,71,7.6,0
2026-01-28T09:46:11.976Z,84,602,1427,9,6,73,8.3,0
2026-01-28T09:51:12.083Z,84,606,1427,8,7,73,8.3,0
2026-01-28T09:56:12.200Z,84,614,1427,8,7,73,8.3,0
2026-01-28T10:01:12.300Z,84,609,1427,8,7,73,8.6,1
2026-01-28T10:06:12.404Z,84,598,1427,8,6,75,8.6,1
2026-01-28T10:11:12.501Z,84,578,1427,9,6,73,8.6,1
2026-01-28T10:16:12.604Z,84,581,1427,9,6,73,9.0,1
2026-01-28T10:21:12.687Z,84,576,1427,9,6,73,9.0,1
2026-01-28T10:26:12.802Z,84,572,1427,7,6,77,9.0,1
2026-01-28T10:31:12.894Z,84,565,1427,7,6,77,9.4,1
2026-01-28T10:36:12.983Z,84,573,1427,8,6,75,9.4,1
2026-01-28T10:41:13.102Z,84,563,1427,9,6,73,9.4,1
2026-01-28T10:46:13.179Z,84,572,1427,9,6,73,9.7,1
2026-01-28T10:51:13.278Z,84,570,1427,9,7,71,9.7,1
2026-01-28T10:56:13.381Z,84,574,1427,9,6,73,9.7,1
2026-01-28T11:01:13.510Z,84,581,1427,9,7,71,10.0,1
2026-01-28T11:06:23.014Z,84,591,1427,8,7,73,10.0,1
2026-01-28T11:11:13.691Z,84,602,1427,7,7,75,10.0,1
2026-01-28T11:16:13.782Z,84,605,1427,7,7,75,10.3,1
2026-01-28T11:21:13.872Z,84,587,1427,7,7,75,10.3,1
2026-01-28T11:26:13.969Z,84,588,1427,8,8,71,10.3,1
2026-01-28T11:31:14.089Z,84,584,1427,8,9,70,10.5,1
2026-01-28T11:36:14.186Z,84,571,1427,9,8,70,10.5,1
2026-01-28T11:41:14.293Z,84,575,1427,8,7,73,10.5,1
2026-01-28T11:46:14.387Z,84,589,1427,8,6,75,10.8,1
2026-01-28T11:51:14.499Z,84,599,1427,9,6,73,10.8,1
2026-01-28T11:56:14.587Z,84,598,1427,8,6,75,10.8,1
2026-01-28T12:01:14.682Z,84,594,1427,9,6,73,10.8,0
2026-01-28T12:06:14.791Z,84,579,1427,10,6,71,10.8,0
2026-01-28T12:11:14.905Z,84,585,1427,12,7,66,10.8,0
2026-01-28T12:16:15.016Z,84,589,1427,10,7,70,11.0,0
2026-01-28T12:21:15.111Z,84,590,1427,10,7,70,11.0,0
2026-01-28T12:26:15.197Z,84,591,1427,10,7,70,11.0,0
2026-01-28T12:31:15.307Z,84,584,1427,7,6,77,11.1,0
2026-01-28T12:36:15.407Z,84,577,1427,8,7,73,11.1,0
2026-01-28T12:41:15.503Z,84,573,1427,7,8,73,11.1,0
2026-01-28T12:46:15.592Z,84,561,1427,8,8,71,11.2,0
2026-01-28T12:51:15.696Z,84,568,1427,7,8,73,11.2,0
2026-01-28T12:56:15.791Z,84,561,1427,8,8,71,11.2,0
2026-01-28T13:01:16.873Z,84,562,1427,9,8,70,11.3,0
2026-01-28T13:06:16.002Z,84,538,1427,9,8,70,11.3,0
2026-01-28T13:11:16.098Z,84,532,1427,8,8,71,11.3,0
2026-01-28T13:16:16.184Z,84,512,1427,9,7,71,11.4,0
2026-01-28T13:21:16.290Z,84,503,1427,9,7,71,11.4,0
2026-01-28T13:26:16.415Z,84,540,1427,6,7,77,11.4,0
2026-01-28T13:31:16.488Z,84,561,1427,6,9,73,11.5,0
2026-01-28T13:36:16.597Z,84,543,1427,7,7,75,11.5,0
2026-01-28T13:41:16.684Z,84,546,1427,7,7,75,11.5,0
2026-01-28T13:46:16.795Z,84,536,1427,10,6,71,11.6,0
2026-01-28T13:51:16.861Z,84,544,1427,9,6,73,11.6,0
2026-01-28T13:56:16.974Z,84,542,1427,10,6,71,11.6,0
2026-01-28T14:01:17.107Z,84,553,1427,10,6,71,11.7,0
2026-01-28T14:06:17.199Z,84,556,1427,10,6,71,11.7,0
2026-01-28T14:11:17.298Z,84,550,1427,11,6,70,11.7,0
2026-01-28T14:16:17.360Z,84,554,1427,9,6,73,11.7,0
2026-01-28T14:21:17.474Z,84,546,1427,11,7,68,11.7,0
2026-01-28T14:26:17.563Z,84,559,1427,9,6,73,11.7,0
2026-01-28T14:31:17.656Z,84,568,1427,8,7,73,11.6,0
2026-01-28T14:36:17.772Z,84,569,1427,7,6,77,11.6,0
2026-01-28T14:41:17.851Z,84,566,1427,7,6,77,11.6,0
2026-01-28T14:46:17.963Z,84,561,1427,7,6,77,11.5,0
2026-01-28T14:51:18.061Z,84,558,1427,6,6,79,11.5,0
2026-01-28T14:56:18.139Z,84,566,1427,6,6,79,11.5,0
2026-01-28T15:01:18.281Z,84,571,1427,6,6,79,11.4,0
2026-01-28T15:06:18.360Z,84,559,1427,7,6,77,11.4,0
2026-01-28T15:11:18.468Z,84,546,1427,6,6,79,11.4,0
2026-01-28T15:16:18.549Z,84,543,1427,8,6,75,11.3,0
2026-01-28T15:21:18.643Z,84,550,1427,7,6,77,11.3,0
2026-01-28T15:26:18.768Z,84,545,1427,6,6,79,11.3,0
2026-01-28T15:31:18.854Z,84,548,1427,6,7,77,11.2,0
2026-01-28T15:36:18.945Z,84,527,1427,6,7,77,11.2,0
2026-01-28T15:41:19.066Z,84,531,1427,6,7,77,11.2,0
2026-01-28T15:46:19.162Z,84,540,1427,6,7,77,11.1,0
2026-01-28T15:51:19.262Z,84,537,1427,7,6,77,11.1,0
2026-01-28T15:56:19.373Z,84,541,1427,8,7,73,11.1,0
2026-01-28T16:01:19.457Z,84,545,1427,9,7,71,11.0,0
2026-01-28T16:06:19.568Z,84,529,1427,8,6,75,11.0,0
2026-01-28T16:11:19.681Z,84,509,1427,8,6,75,11.0,0
2026-01-28T16:16:19.762Z,84,500,1427,9,6,73,10.9,0
2026-01-28T16:21:19.850Z,84,515,1427,8,6,75,10.9,0
2026-01-28T16:26:19.927Z,84,515,1427,8,6,75,10.9,0
2026-01-28T16:31:20.035Z,84,525,1427,9,6,73,10.7,0
2026-01-28T16:36:20.153Z,84,519,1427,9,6,73,10.7,0
2026-01-28T16:41:20.252Z,84,531,1427,6,7,77,10.7,0
2026-01-28T16:46:20.366Z,84,546,1427,6,7,77,10.6,0
2026-01-28T16:51:20.460Z,84,547,1427,6,7,77,10.6,0
2026-01-28T16:56:20.529Z,84,560,1427,7,7,75,10.6,0
2026-01-28T17:01:21.156Z,84,548,1427,7,7,75,10.6,0
2026-01-28T17:06:20.760Z,84,539,1427,7,6,77,10.6,0
2026-01-28T17:11:20.868Z,84,559,1427,7,6,77,10.6,0
2026-01-28T17:16:20.958Z,84,568,1427,8,6,75,10.5,0
2026-01-28T17:21:21.035Z,84,572,1427,9,6,73,10.5,0
2026-01-28T17:26:21.158Z,84,564,1427,9,6,73,10.5,0
2026-01-28T17:31:21.262Z,84,550,1427,10,6,71,10.3,0
2026-01-28T17:36:21.346Z,84,545,1427,9,6,73,10.3,0
2026-01-28T17:41:21.467Z,84,548,1427,9,6,73,10.3,0
2026-01-28T17:46:21.541Z,84,531,1427,7,6,77,10.2,0
2026-01-28T17:51:21.625Z,84,529,1427,7,6,77,10.2,0
2026-01-28T17:56:21.718Z,84,526,1427,7,6,77,10.2,0
2026-01-28T18:01:21.860Z,84,526,1427,9,6,73,10.1,0
2026-01-28T18:06:21.932Z,84,498,1427,8,6,75,10.1,0
2026-01-28T18:11:22.060Z,84,506,1427,8,6,75,10.1,0
2026-01-28T18:16:22.115Z,84,521,1427,8,6,75,10.0,0
2026-01-28T18:21:22.223Z,84,516,1427,8,6,75,10.0,0
2026-01-28T18:26:22.342Z,84,516,1427,8,6,75,10.0,0
2026-01-28T18:31:22.448Z,84,526,1427,7,7,75,10.0,0
2026-01-28T18:36:22.521Z,84,529,1427,9,6,73,10.0,0
2026-01-28T18:41:22.616Z,84,533,1427,7,6,77,10.0,0
2026-01-28T18:46:22.730Z,84,526,1427,6,6,79,9.9,0
2026-01-28T18:51:22.812Z,84,525,1427,8,6,75,9.9,0
2026-01-28T18:56:22.914Z,84,527,1427,10,6,71,9.9,0
2026-01-28T19:01:23.043Z,84,535,1427,9,6,73,9.9,0
2026-01-28T19:06:23.133Z,84,537,1427,11,6,70,9.9,0
2026-01-28T19:11:24.248Z,84,545,1427,9,6,73,9.9,0
2026-01-28T19:16:23.364Z,84,556,1427,9,6,73,9.8,0
2026-01-28T19:21:23.419Z,84,562,1427,10,6,71,9.8,0
2026-01-28T19:26:23.512Z,84,563,1427,9,6,73,9.8,0
2026-01-28T19:31:23.605Z,84,579,1427,8,6,75,9.6,0
2026-01-28T19:36:23.733Z,84,583,1427,8,6,75,9.6,0
2026-01-28T19:41:23.798Z,84,586,1427,7,6,77,9.6,0
2026-01-28T19:46:24.108Z,84,589,1427,7,6,77,9.4,0
2026-01-28T19:51:24.085Z,84,591,1427,8,6,75,9.4,0
2026-01-28T19:56:24.200Z,84,589,1427,8,6,75,9.4,0
2026-01-28T20:01:24.308Z,84,587,1427,7,6,77,9.3,1
2026-01-28T20:06:24.404Z,84,575,1427,7,7,75,9.3,1
2026-01-28T20:11:24.484Z,84,570,1427,7,7,75,9.3,1
2026-01-28T20:16:24.594Z,84,574,1427,7,6,77,9.3,1
2026-01-28T20:21:24.677Z,84,572,1427,6,7,77,9.3,1
2026-01-28T20:26:24.776Z,84,571,1427,7,7,75,9.3,1
2026-01-28T20:31:24.895Z,84,573,1427,8,7,73,9.3,1
2026-01-28T20:36:24.958Z,84,581,1427,6,6,79,9.3,1
2026-01-28T20:41:25.051Z,84,577,1427,8,7,73,9.3,1
2026-01-28T20:46:25.176Z,84,582,1427,8,8,71,9.4,1
2026-01-28T20:51:25.274Z,84,580,1427,7,8,73,9.4,1
2026-01-28T20:56:25.348Z,84,577,1427,8,8,71,9.4,1
2026-01-28T21:01:25.482Z,84,563,1427,9,7,71,9.4,1
2026-01-28T21:06:26.043Z,84,570,1427,9,7,71,9.4,1
2026-01-28T21:11:25.673Z,84,579,1427,7,6,77,9.4,1
2026-01-28T21:16:25.762Z,84,585,1427,7,6,77,9.4,1
2026-01-28T21:21:25.869Z,84,600,1427,7,7,75,9.4,1
2026-01-28T21:26:25.953Z,84,604,1427,7,6,77,9.4,1
2026-01-28T21:31:26.074Z,84,603,1427,7,6,77,9.4,1
2026-01-28T21:36:26.178Z,84,604,1427,7,6,77,9.4,1
2026-01-28T21:41:26.259Z,84,613,1427,7,6,77,9.6,1
2026-01-28T21:46:26.336Z,84,609,1427,7,6,77,9.5,1
2026-01-28T21:51:26.436Z,84,607,1427,7,7,75,9.5,1
2026-01-28T21:56:26.538Z,84,610,1427,8,7,73,9.5,1
2026-01-28T22:01:26.659Z,84,612,1427,8,7,73,9.5,1
2026-01-28T22:06:26.761Z,84,606,1427,7,7,75,9.5,1
2026-01-28T22:11:26.847Z,84,606,1427,7,7,75,9.5,1
2026-01-28T22:16:26.965Z,84,605,1427,7,7,75,9.6,1
2026-01-28T22:21:27.042Z,84,604,1427,8,6,75,9.6,1
2026-01-28T22:26:27.153Z,84,604,1427,8,6,75,9.6,1
2026-01-28T22:31:27.260Z,84,607,1427,7,6,77,9.6,1
2026-01-28T22:36:27.335Z,84,601,1427,7,6,77,9.6,1
2026-01-28T22:41:27.430Z,84,607,1427,7,6,77,9.6,1
2026-01-28T22:46:27.538Z,84,604,1427,7,6,77,9.6,1
2026-01-28T22:51:27.639Z,84,607,1427,9,6,73,9.6,1
2026-01-28T22:56:27.724Z,84,605,1427,8,6,75,9.6,1
2026-01-28T23:01:27.845Z,84,608,1427,8,6,75,9.7,1
2026-01-28T23:06:27.980Z,84,609,1427,8,6,75,9.7,1
2026-01-28T23:11:28.036Z,84,614,1427,9,7,71,9.7,1
2026-01-28T23:16:28.142Z,84,614,1427,9,7,71,9.7,1
2026-01-28T23:21:28.237Z,84,611,1427,9,7,71,9.7,1
2026-01-28T23:26:28.346Z,84,608,1427,9,6,73,9.7,1
2026-01-28T23:31:28.442Z,84,616,1427,9,7,71,9.7,1
2026-01-28T23:36:28.539Z,84,613,1427,8,6,75,9.7,1
2026-01-28T23:41:28.631Z,84,612,1427,8,6,75,9.7,1
2026-01-28T23:46:28.712Z,84,613,1427,8,6,75,9.7,1
2026-01-28T23:51:28.868Z,84,615,1427,8,6,75,9.7,1
2026-01-28T23:56:28.945Z,84,617,1427,8,6,75,9.7,1
2026-01-29T00:01:29.540Z,84,619,1427,8,6,75,9.7,1
2026-01-29T00:06:29.127Z,84,617,1427,9,6,73,10.5,1
2026-01-29T00:11:29.256Z,84,625,1427,9,6,73,10.5,1
2026-01-29T00:16:29.324Z,84,626,1427,9,6,73,10.8,1
2026-01-29T00:21:29.415Z,84,626,1427,9,6,73,10.8,1
2026-01-29T00:26:29.534Z,84,627,1427,9,6,73,10.8,1
2026-01-29T00:31:29.615Z,84,631,1427,8,6,75,11.1,1
2026-01-29T00:36:29.742Z,84,631,1427,8,6,75,11.1,1
2026-01-29T00:41:29.859Z,84,631,1427,8,6,75,11.1,1
2026-01-29T00:46:29.918Z,84,631,1427,8,6,75,11.5,1
2026-01-29T00:51:30.018Z,84,631,1427,8,6,75,11.5,1
2026-01-29T00:56:30.119Z,84,631,1427,8,6,75,11.5,1
2026-01-29T07:01:37.317Z,84,568,1427,6,6,79,12.7,0
2026-01-29T07:06:37.400Z,84,558,1427,6,8,75,12.7,0
2026-01-29T07:11:37.495Z,84,550,1427,7,8,73,12.7,0
2026-01-29T07:16:37.615Z,84,526,1427,8,7,73,12.7,0
2026-01-29T07:21:37.704Z,84,515,1427,9,8,70,12.7,0
2026-01-29T07:26:37.798Z,84,513,1427,12,8,64,12.7,0
2026-01-29T07:31:37.911Z,84,534,1427,9,7,71,12.6,0
2026-01-29T07:36:37.998Z,84,558,1427,9,7,71,12.6,0
2026-01-29T07:41:38.102Z,84,557,1427,8,7,73,12.6,0
2026-01-29T07:46:38.202Z,84,565,1427,10,6,71,12.5,0
2026-01-29T07:51:38.342Z,84,566,1427,11,9,64,12.5,0
2026-01-29T07:56:38.390Z,84,578,1427,14,9,59,12.5,0
2026-01-29T08:01:38.485Z,84,573,1427,14,8,61,12.4,0
2026-01-29T08:06:38.596Z,84,564,1427,12,7,66,12.4,0
2026-01-29T08:11:38.676Z,84,566,1427,12,9,63,12.4,0
2026-01-29T08:16:38.779Z,84,572,1427,14,9,59,12.4,0
2026-01-29T08:21:38.888Z,84,574,1427,13,9,61,12.4,0
2026-01-29T08:26:38.993Z,84,594,1427,11,8,66,12.4,0
2026-01-29T08:31:39.095Z,84,596,1427,11,8,66,12.5,0
2026-01-29T08:36:39.165Z,84,569,1427,10,9,66,12.5,0
2026-01-29T08:41:39.311Z,84,563,1427,10,8,68,12.5,0
2026-01-29T08:46:39.380Z,84,559,1427,12,9,63,12.6,0
2026-01-29T08:51:39.487Z,84,572,1427,11,9,64,12.6,0
2026-01-29T08:56:39.576Z,84,575,1427,13,8,62,12.6,0
2026-01-29T09:01:39.681Z,84,567,1427,11,6,70,12.6,1
2026-01-29T09:06:39.857Z,84,559,1427,12,6,68,12.6,1
2026-01-29T09:11:39.881Z,84,571,1427,11,7,68,12.6,1
2026-01-29T09:16:39.969Z,84,574,1427,12,7,66,12.8,1
2026-01-29T09:21:40.088Z,84,580,1427,10,8,68,12.8,1
2026-01-29T09:26:40.165Z,84,591,1427,10,8,68,12.8,1
2026-01-29T09:31:40.285Z,84,593,1427,9,8,70,13.1,1
2026-01-29T09:36:40.400Z,84,587,1427,10,8,68,13.1,1
2026-01-29T09:41:40.489Z,84,583,1427,8,9,70,13.1,0
2026-01-29T09:46:40.589Z,84,584,1427,8,8,71,13.5,0
2026-01-29T09:51:40.686Z,84,583,1427,9,8,70,13.5,0
2026-01-29T09:56:40.776Z,84,588,1427,9,8,70,13.5,0
2026-01-29T10:01:40.918Z,84,586,1427,9,8,70,13.6,1
2026-01-29T10:06:40.981Z,84,588,1427,8,8,71,13.6,1
2026-01-29T10:11:41.089Z,84,588,1427,8,8,71,13.6,1
2026-01-29T10:16:41.207Z,84,585,1427,9,8,70,13.9,1
2026-01-29T10:21:41.315Z,84,580,1427,11,8,66,13.9,1
2026-01-29T10:26:41.388Z,84,586,1427,9,9,68,13.9,1
2026-01-29T10:31:41.483Z,84,582,1427,11,9,64,14.1,1
2026-01-29T10:36:41.585Z,84,582,1427,10,8,68,14.1,1
2026-01-29T10:41:41.689Z,84,570,1427,9,7,71,14.1,1
2026-01-29T10:46:41.775Z,84,567,1427,12,6,68,14.4,1
2026-01-29T10:51:41.902Z,84,568,1427,10,6,71,14.4,1
2026-01-29T10:56:42.109Z,84,583,1427,9,7,71,14.4,1
2026-01-29T11:01:42.077Z,84,576,1427,11,7,68,14.5,0
2026-01-29T11:06:42.166Z,84,566,1427,8,7,73,14.5,0
2026-01-29T11:11:42.270Z,84,562,1427,8,7,73,14.5,0
2026-01-29T11:16:42.378Z,84,553,1427,8,7,73,14.7,0
2026-01-29T11:21:42.493Z,84,566,1427,8,7,73,14.7,0
2026-01-29T11:26:42.591Z,84,557,1427,9,6,73,14.7,0
2026-01-29T11:31:42.715Z,84,564,1427,9,7,71,14.8,0
2026-01-29T11:36:42.786Z,84,562,1427,8,7,73,14.8,0
2026-01-29T11:41:42.878Z,84,564,1427,10,7,70,14.8,0
2026-01-29T11:46:42.965Z,84,558,1427,10,7,70,14.8,0
2026-01-29T11:51:43.109Z,84,563,1427,10,8,68,14.8,0
2026-01-29T11:56:43.196Z,84,560,1427,10,7,70,14.8,0
2026-01-29T12:01:43.289Z,84,566,1427,10,8,68,15.0,0
2026-01-29T12:06:43.399Z,84,564,1427,10,9,66,15.0,0
2026-01-29T12:11:52.962Z,84,563,1427,10,8,68,15.0,0
2026-01-29T12:16:43.576Z,84,565,1427,8,6,75,14.9,0
2026-01-29T12:21:43.698Z,84,578,1427,9,6,73,14.9,0
2026-01-29T12:26:53.185Z,84,563,1427,11,6,70,14.9,0
2026-01-29T12:31:43.882Z,84,554,1427,10,6,71,14.7,0
2026-01-29T12:36:44.002Z,84,559,1427,10,7,70,14.7,0
2026-01-29T12:41:44.105Z,84,542,1427,8,7,73,14.7,0
2026-01-29T12:46:44.162Z,84,557,1427,6,6,79,14.5,0
2026-01-29T12:51:44.276Z,84,567,1427,6,6,79,14.5,0
2026-01-29T12:56:44.368Z,84,575,1427,6,6,79,14.5,0
2026-01-29T13:01:44.489Z,84,558,1427,7,6,77,14.3,0
2026-01-29T13:06:44.606Z,84,536,1427,7,6,77,14.3,0
2026-01-29T13:11:44.681Z,84,522,1427,7,6,77,14.3,0
2026-01-29T13:16:44.803Z,84,486,1427,10,6,71,14.4,0
2026-01-29T13:21:44.905Z,84,511,1427,9,6,73,14.4,0
2026-01-29T13:26:44.973Z,84,513,1427,10,6,71,14.4,0
2026-01-29T13:31:45.074Z,84,535,1427,10,6,71,14.5,0
2026-01-29T13:36:45.179Z,84,536,1427,10,6,71,14.5,0
2026-01-29T13:41:45.270Z,84,538,1427,10,6,71,14.5,0
2026-01-29T13:46:45.359Z,84,539,1427,9,6,73,14.6,0
2026-01-29T13:51:45.488Z,84,535,1427,10,7,70,14.6,0
2026-01-29T13:56:45.577Z,84,533,1427,12,7,66,14.6,0
2026-01-29T14:01:45.689Z,84,526,1427,11,8,66,14.7,0
2026-01-29T14:06:45.784Z,84,533,1427,12,9,63,14.7,0
2026-01-29T14:11:45.885Z,84,519,1427,9,9,68,14.7,0
2026-01-29T14:16:45.979Z,84,530,1427,9,8,70,14.4,0
2026-01-29T14:21:46.080Z,84,546,1427,8,9,70,14.4,0
2026-01-29T14:26:46.168Z,84,532,1427,8,9,70,14.4,0
2026-01-29T14:31:46.287Z,84,547,1427,7,8,73,13.9,0
2026-01-29T14:36:46.386Z,84,548,1427,7,8,73,13.9,0
2026-01-29T14:41:46.492Z,84,550,1427,7,9,71,13.9,0
2026-01-29T14:46:46.578Z,84,552,1427,7,7,75,13.4,0
2026-01-29T14:50:46.802Z,84,549,1426,8,7,73,13.4,0
2026-01-29T14:56:12.900Z,84,541,1426,7,7,75,13.4,0
2026-01-29T15:01:12.999Z,84,551,1426,7,8,73,13.1,0
2026-01-29T15:06:13.095Z,84,547,1426,7,7,75,13.1,0
2026-01-29T15:11:13.172Z,84,536,1426,10,7,70,13.1,0
2026-01-29T15:16:13.219Z,84,539,1426,8,7,73,12.8,0
2026-01-29T15:21:13.361Z,84,548,1426,7,7,75,12.8,0
2026-01-29T15:26:13.364Z,84,559,1426,7,8,73,12.8,0
2026-01-29T15:31:13.450Z,84,588,1426,7,8,73,12.5,0
2026-01-29T15:36:13.527Z,84,602,1426,6,8,75,12.5,0
2026-01-29T15:41:13.660Z,84,610,1426,6,9,73,12.5,0
2026-01-29T15:46:13.725Z,84,613,1426,6,9,73,12.2,0
2026-01-29T15:51:13.770Z,84,607,1426,6,10,71,12.2,0
2026-01-29T15:56:13.863Z,84,593,1426,6,9,73,12.2,0
2026-01-29T16:01:13.959Z,84,593,1426,7,9,71,12.1,0
2026-01-29T16:06:14.046Z,84,593,1426,6,8,75,12.1,0
2026-01-29T16:11:14.154Z,84,590,1426,7,7,75,12.1,0
2026-01-29T16:16:14.273Z,84,600,1426,7,8,73,11.9,0
2026-01-29T16:21:14.347Z,84,602,1426,7,7,75,11.9,0
2026-01-29T16:26:14.401Z,84,606,1426,7,7,75,11.9,0
2026-01-29T16:31:14.460Z,84,611,1426,7,7,75,11.8,0
2026-01-29T16:36:14.542Z,84,599,1426,7,7,75,11.8,0
2026-01-29T16:41:14.572Z,84,595,1426,7,7,75,11.8,0
2026-01-29T16:46:14.655Z,84,597,1426,6,8,75,11.7,0
2026-01-29T16:51:14.729Z,84,598,1426,6,8,75,11.7,0
2026-01-29T16:56:14.882Z,84,594,1426,7,7,75,11.7,0
2026-01-29T17:01:14.947Z,84,599,1426,8,8,71,11.7,0
2026-01-29T17:06:15.114Z,84,602,1426,7,8,73,11.7,0
2026-01-29T17:11:15.139Z,84,591,1426,8,7,73,11.7,0
2026-01-29T17:16:15.243Z,84,586,1426,8,7,73,11.6,0
2026-01-29T17:21:15.376Z,84,582,1426,7,7,75,11.6,0
2026-01-29T17:26:15.447Z,84,585,1426,8,7,73,11.6,0
2026-01-29T17:31:15.515Z,84,585,1426,7,7,75,11.5,0
2026-01-29T17:36:15.629Z,84,580,1426,7,7,75,11.5,0
2026-01-29T17:41:15.708Z,84,588,1426,6,7,77,11.5,0
2026-01-29T17:46:15.806Z,84,582,1426,6,7,77,11.4,0
2026-01-29T17:51:15.917Z,84,582,1426,6,8,75,11.4,0
2026-01-29T17:56:16.010Z,84,573,1426,6,7,77,11.4,0
2026-01-29T18:01:16.098Z,84,571,1426,6,7,77,11.6,0
2026-01-29T18:06:16.252Z,84,562,1426,7,7,75,11.6,0
2026-01-29T18:11:16.209Z,84,566,1426,7,7,75,11.6,0
2026-01-29T18:16:16.323Z,84,553,1426,6,7,77,11.5,0
2026-01-29T18:21:16.418Z,84,548,1426,6,8,75,11.5,0
2026-01-29T18:26:16.521Z,84,557,1426,6,7,77,11.5,0
2026-01-29T18:31:16.622Z,84,572,1426,6,7,77,11.5,0
2026-01-29T18:36:16.706Z,84,562,1426,6,8,75,11.5,0
2026-01-29T18:41:16.809Z,84,554,1426,6,7,77,11.5,0
2026-01-29T18:46:16.946Z,84,549,1426,6,6,79,11.5,0
2026-01-29T18:51:17.014Z,84,554,1426,7,8,73,11.5,0
2026-01-29T18:56:17.063Z,84,556,1426,7,8,73,11.5,0
2026-01-29T19:01:17.159Z,84,558,1426,7,8,73,11.5,0
2026-01-29T19:06:17.249Z,84,567,1426,7,8,73,11.5,0
2026-01-29T19:11:17.333Z,84,558,1426,7,7,75,11.5,0
2026-01-29T19:16:17.385Z,84,564,1426,7,7,75,11.4,0
2026-01-29T19:21:17.418Z,84,558,1426,7,7,75,11.4,0
2026-01-29T19:26:17.454Z,84,563,1426,7,6,77,11.4,0
2026-01-29T19:31:17.548Z,84,571,1426,7,6,77,11.3,0
2026-01-29T19:36:17.646Z,84,574,1426,7,6,77,11.3,0
2026-01-29T19:41:17.752Z,84,560,1426,7,6,77,11.3,0
2026-01-29T19:46:17.842Z,84,558,1426,7,6,77,11.2,0
2026-01-29T19:51:17.911Z,84,562,1426,7,6,77,11.2,0
2026-01-29T19:56:17.982Z,84,580,1426,7,6,77,11.2,0
2026-01-29T20:01:18.080Z,84,568,1426,7,6,77,11.1,0
2026-01-29T20:06:18.190Z,84,564,1426,7,6,77,11.1,0
2026-01-29T20:11:18.352Z,84,568,1426,7,7,75,11.1,0
2026-01-29T20:16:18.339Z,84,555,1426,6,7,77,11.1,0
2026-01-29T20:21:18.416Z,84,548,1426,6,7,77,11.1,0
2026-01-29T20:26:18.505Z,84,569,1426,7,7,75,11.1,0
2026-01-29T20:31:18.594Z,84,575,1426,7,7,75,11.1,0
2026-01-29T20:36:18.694Z,84,577,1426,7,6,77,11.1,0
2026-01-29T20:41:18.793Z,84,581,1426,7,6,77,11.1,0
2026-01-29T20:46:18.892Z,84,584,1426,7,6,77,11.2,0
2026-01-29T20:51:18.997Z,84,579,1426,7,6,77,11.2,0
2026-01-29T20:56:19.090Z,84,580,1426,6,6,79,11.2,0
2026-01-29T21:01:19.191Z,84,580,1426,7,6,77,11.2,0
2026-01-29T21:06:19.304Z,84,582,1426,7,6,77,11.2,0
2026-01-29T21:11:19.411Z,84,582,1426,7,6,77,11.2,0
2026-01-29T21:16:19.487Z,84,576,1426,7,6,77,11.2,0
2026-01-29T21:21:19.589Z,84,570,1426,7,6,77,11.2,0
2026-01-29T21:26:19.709Z,84,569,1426,7,6,77,11.2,0
2026-01-29T21:31:19.778Z,84,582,1426,6,6,79,11.2,0
2026-01-29T21:36:19.948Z,84,596,1426,6,6,79,11.2,0
2026-01-29T21:41:19.995Z,84,599,1426,6,6,79,11.0,0
2026-01-29T21:46:20.083Z,84,600,1426,6,6,79,11.0,0
2026-01-29T21:51:20.072Z,84,607,1426,6,6,79,11.0,0
2026-01-29T21:56:20.238Z,84,605,1426,7,6,77,11.0,0
2026-01-29T22:01:20.296Z,84,607,1426,7,6,77,11.0,0
2026-01-29T22:06:20.390Z,84,601,1426,6,6,79,11.0,0
2026-01-29T22:11:20.494Z,84,602,1426,6,6,79,11.0,0
2026-01-29T22:16:20.620Z,84,604,1426,6,6,79,11.0,0
2026-01-29T22:21:20.729Z,84,605,1426,6,6,79,11.0,0
2026-01-29T22:26:20.823Z,84,596,1426,7,6,77,11.0,0
2026-01-29T22:31:20.898Z,84,589,1426,7,6,77,11.1,0
2026-01-29T22:36:20.982Z,84,588,1426,7,6,77,11.1,0
2026-01-29T22:41:21.081Z,84,591,1426,7,6,77,11.1,0
2026-01-29T22:46:21.177Z,84,592,1426,7,6,77,11.2,0
2026-01-29T22:51:21.284Z,84,605,1426,7,6,77,11.2,0
2026-01-29T22:56:21.379Z,84,598,1426,7,6,77,11.2,0
2026-01-29T23:01:21.428Z,84,605,1426,7,6,77,11.2,0
2026-01-29T23:06:21.531Z,84,604,1426,7,6,77,11.2,0
2026-01-29T23:11:21.622Z,84,602,1426,7,7,75,11.2,0
2026-01-29T23:16:21.723Z,84,603,1426,7,7,75,11.3,0
2026-01-29T23:21:21.830Z,84,606,1426,7,7,75,11.3,0
2026-01-29T23:26:21.930Z,84,604,1426,7,8,73,11.3,0
2026-01-29T23:31:22.049Z,84,602,1426,7,8,73,11.3,0
2026-01-29T23:36:22.141Z,84,607,1426,7,8,73,11.3,0
2026-01-29T23:41:22.235Z,84,606,1426,7,8,73,11.3,0
2026-01-29T23:46:22.330Z,84,601,1426,7,8,73,11.3,0
2026-01-29T23:51:22.422Z,84,606,1426,7,8,73,11.3,0
2026-01-29T23:56:22.545Z,84,608,1426,7,8,73,11.3,0
2026-01-30T00:01:22.621Z,84,612,1426,7,8,73,11.3,0
2026-01-30T00:06:22.770Z,84,616,1426,7,8,73,11.3,0
2026-01-30T00:11:22.841Z,84,615,1426,7,8,73,11.3,0
2026-01-30T00:16:22.927Z,84,616,1426,7,8,73,11.3,0
2026-01-30T00:21:23.026Z,84,617,1426,7,8,73,11.3,0
2026-01-30T00:26:23.129Z,84,617,1426,7,8,73,11.3,0
2026-01-30T00:31:23.222Z,84,617,1426,7,8,73,11.3,0
2026-01-30T00:36:23.315Z,84,618,1426,7,8,73,11.3,0
2026-01-30T00:41:23.409Z,84,619,1426,7,8,73,11.3,0
2026-01-30T00:46:23.505Z,84,621,1426,7,8,73,11.3,0
2026-01-30T00:51:23.622Z,84,621,1426,7,8,73,11.3,0
2026-01-30T00:56:23.736Z,84,621,1426,7,8,73,11.5,0
2026-01-30T07:01:30.902Z,84,553,1426,7,6,77,12.0,1
2026-01-30T07:06:31.006Z,84,545,1426,7,6,77,12.0,1
2026-01-30T07:11:31.104Z,84,551,1426,8,6,75,12.0,1
2026-01-30T07:16:31.203Z,84,549,1426,8,6,75,12.0,1
2026-01-30T07:21:31.352Z,84,545,1426,9,6,73,12.0,1
2026-01-30T07:26:31.399Z,84,551,1426,10,6,71,12.0,1
2026-01-30T07:31:31.527Z,84,578,1426,10,7,70,11.9,1
2026-01-30T07:36:31.590Z,84,585,1426,8,8,71,11.9,1
2026-01-30T07:41:31.674Z,84,573,1426,9,8,70,11.9,1
2026-01-30T07:46:31.779Z,84,584,1426,9,8,70,11.9,1
2026-01-30T07:51:31.901Z,84,588,1426,9,9,68,11.9,1
2026-01-30T07:56:31.973Z,84,598,1426,9,9,68,11.9,1
2026-01-30T08:01:32.090Z,84,595,1426,9,8,70,11.8,1
2026-01-30T08:06:32.192Z,84,585,1426,7,9,71,11.8,1
2026-01-30T08:11:32.291Z,84,582,1426,8,8,71,11.8,1
2026-01-30T08:16:32.398Z,84,579,1426,8,8,71,11.9,1
2026-01-30T08:21:32.473Z,84,578,1426,8,8,71,11.9,1
2026-01-30T08:26:32.594Z,84,582,1426,8,9,70,11.9,1
2026-01-30T08:31:32.689Z,84,585,1426,7,9,71,12.1,1
2026-01-30T08:36:32.765Z,84,595,1426,7,8,73,12.1,1
2026-01-30T08:41:32.882Z,84,592,1426,8,8,71,12.1,1
2026-01-30T08:46:32.985Z,84,588,1426,8,8,71,12.2,1
2026-01-30T08:51:33.070Z,84,587,1426,8,8,71,12.2,1
2026-01-30T08:56:33.158Z,84,590,1426,8,8,71,12.2,1
2026-01-30T09:01:33.280Z,84,598,1426,7,8,73,12.3,0
2026-01-30T09:06:33.347Z,84,607,1426,7,8,73,12.3,0
2026-01-30T09:11:33.457Z,84,617,1426,7,8,73,12.3,0
2026-01-30T09:16:33.546Z,84,607,1426,7,8,73,12.4,0
2026-01-30T09:21:33.660Z,84,604,1426,7,8,73,12.4,0
2026-01-30T09:26:33.739Z,84,608,1426,7,8,73,12.4,0
2026-01-30T09:31:33.843Z,84,610,1426,7,8,73,12.5,0
2026-01-30T09:36:33.917Z,84,608,1426,7,8,73,12.5,0
2026-01-30T09:41:34.024Z,84,599,1426,7,6,77,12.5,0
2026-01-30T09:46:34.143Z,84,585,1426,7,6,77,12.4,1
2026-01-30T09:51:34.198Z,84,574,1426,9,6,73,12.4,1
2026-01-30T09:56:34.300Z,84,578,1426,9,6,73,12.4,1
2026-01-30T10:01:34.400Z,84,581,1426,10,6,71,12.5,1
2026-01-30T10:06:34.504Z,84,582,1426,10,6,71,12.5,1
2026-01-30T10:11:34.584Z,84,575,1426,10,7,70,12.5,1
2026-01-30T10:16:34.713Z,84,572,1426,9,7,71,12.5,1
2026-01-30T10:21:34.800Z,84,566,1426,9,7,71,12.5,1
2026-01-30T10:26:34.914Z,84,567,1426,8,6,75,12.5,1
2026-01-30T10:31:35.019Z,84,573,1426,8,6,75,12.5,1
2026-01-30T10:36:35.102Z,84,571,1426,8,7,73,12.5,1
2026-01-30T10:41:35.196Z,84,570,1426,8,7,73,12.5,1
2026-01-30T10:46:35.289Z,84,570,1426,8,7,73,12.4,1
2026-01-30T10:51:35.402Z,84,569,1426,7,7,75,12.4,1
2026-01-30T10:56:35.540Z,84,576,1426,7,9,71,12.4,1
2026-01-30T11:01:35.594Z,84,588,1426,7,9,71,12.4,0
2026-01-30T11:06:35.690Z,84,590,1426,7,9,71,12.4,0
2026-01-30T11:11:35.793Z,84,591,1426,7,8,73,12.4,0
2026-01-30T11:16:35.901Z,84,598,1426,7,8,73,12.4,0
2026-01-30T11:21:35.999Z,84,601,1426,7,8,73,12.4,0
2026-01-30T11:26:36.097Z,84,602,1426,7,8,73,12.4,0
2026-01-30T11:31:36.163Z,84,601,1426,7,7,75,12.5,0
2026-01-30T11:36:36.255Z,84,596,1426,7,6,77,12.5,0
2026-01-30T11:41:36.345Z,84,591,1426,7,6,77,12.5,0
2026-01-30T11:46:36.444Z,84,588,1426,7,6,77,12.5,0
2026-01-30T11:51:36.580Z,84,580,1426,7,7,75,12.5,0
2026-01-30T11:56:36.657Z,84,584,1426,7,7,75,12.5,0
2026-01-30T12:01:36.766Z,84,588,1426,7,7,75,12.7,0
2026-01-30T12:06:36.859Z,84,581,1426,7,7,75,12.7,0
2026-01-30T12:11:36.922Z,84,583,1426,6,8,75,12.7,0
2026-01-30T12:16:36.992Z,84,577,1426,6,7,77,12.8,0
2026-01-30T12:21:37.087Z,84,573,1426,7,9,71,12.8,0
2026-01-30T12:26:37.224Z,84,579,1426,8,10,68,12.8,0
2026-01-30T12:31:37.275Z,84,580,1426,9,8,70,13.0,0
2026-01-30T12:36:37.374Z,84,566,1426,8,7,73,13.0,0
2026-01-30T12:41:37.485Z,84,562,1426,7,7,75,13.0,0
2026-01-30T12:46:37.588Z,84,558,1426,7,7,75,13.1,0
2026-01-30T12:51:37.748Z,84,568,1426,8,7,73,13.1,0
2026-01-30T12:56:37.793Z,84,581,1426,7,6,77,13.1,0
2026-01-30T13:01:37.859Z,84,576,1426,9,6,73,13.2,0
2026-01-30T13:06:37.915Z,84,559,1426,8,6,75,13.2,0
2026-01-30T13:11:38.009Z,84,534,1426,8,7,73,13.2,0
2026-01-30T13:16:38.116Z,84,510,1426,11,8,66,13.3,0
2026-01-30T13:21:38.268Z,84,498,1426,10,7,70,13.3,0
2026-01-30T13:26:38.305Z,84,490,1426,10,9,66,13.3,0
2026-01-30T13:31:38.398Z,84,497,1426,9,8,70,13.2,0
2026-01-30T13:36:38.494Z,84,508,1426,8,10,68,13.2,0
2026-01-30T13:41:38.594Z,84,507,1426,7,9,71,13.2,0
2026-01-30T13:46:38.729Z,84,524,1426,7,10,70,13.2,0
2026-01-30T13:51:38.826Z,84,522,1426,8,10,68,13.2,0
2026-01-30T13:56:38.957Z,84,534,1426,6,8,75,13.2,0
2026-01-30T14:01:39.039Z,84,531,1426,9,9,68,13.2,0
2026-01-30T14:06:39.114Z,84,532,1426,9,8,70,13.2,0
2026-01-30T14:11:39.203Z,84,547,1426,9,9,68,13.2,0
2026-01-30T14:16:39.306Z,84,574,1426,7,9,71,12.9,0
2026-01-30T14:21:39.365Z,84,574,1426,8,10,68,12.9,0
2026-01-30T14:26:39.524Z,84,575,1426,7,10,70,12.9,0
2026-01-30T14:31:39.593Z,84,585,1426,7,10,70,12.5,0
2026-01-30T14:36:39.666Z,84,599,1426,7,10,70,12.5,0
2026-01-30T14:41:39.810Z,84,602,1426,8,10,68,12.5,0
2026-01-30T14:46:39.948Z,84,602,1426,8,9,70,12.1,0
2026-01-30T14:51:40.046Z,84,584,1426,8,9,70,12.1,0
2026-01-30T14:56:40.081Z,84,589,1426,7,9,71,12.1,0
2026-01-30T15:01:40.215Z,84,575,1426,7,10,70,11.8,0
2026-01-30T15:06:40.274Z,84,577,1426,7,8,73,11.8,0
2026-01-30T15:11:40.383Z,84,579,1426,8,7,73,11.8,0
2026-01-30T15:16:40.487Z,84,592,1426,7,8,73,11.5,0
2026-01-30T15:21:40.560Z,84,596,1426,7,8,73,11.5,0
2026-01-30T15:26:40.677Z,84,602,1426,7,8,73,11.5,0
2026-01-30T15:31:40.798Z,84,604,1426,7,8,73,11.1,0
2026-01-30T15:36:40.873Z,84,608,1426,6,8,75,11.1,0
2026-01-30T15:41:40.995Z,84,606,1426,6,9,73,11.1,0
2026-01-30T15:46:41.085Z,84,610,1426,6,9,73,10.8,0
2026-01-30T15:51:41.171Z,84,612,1426,6,7,77,11.0,0
2026-01-30T15:56:41.283Z,84,613,1426,6,7,77,11.0,0
2026-01-30T16:01:41.405Z,84,611,1426,6,7,77,10.7,1
2026-01-30T16:06:41.475Z,84,605,1426,6,7,77,10.7,1
2026-01-30T16:11:41.584Z,84,605,1426,6,7,77,10.7,1
2026-01-30T16:16:41.687Z,84,602,1426,6,7,77,10.3,1
2026-01-30T16:21:41.781Z,84,611,1426,6,7,77,10.3,1
2026-01-30T16:26:41.854Z,84,618,1426,6,7,77,10.3,1
2026-01-30T16:31:41.983Z,84,615,1426,6,8,75,10.0,1
2026-01-30T16:36:42.059Z,84,611,1426,6,8,75,10.0,1
2026-01-30T16:41:42.143Z,84,603,1426,6,8,75,10.0,1
2026-01-30T16:46:42.252Z,84,594,1426,6,8,75,9.7,1
2026-01-30T16:51:42.342Z,84,583,1426,7,7,75,9.7,1
2026-01-30T16:56:42.458Z,84,588,1426,7,9,71,9.7,1
2026-01-30T17:01:42.547Z,84,594,1426,7,7,75,9.4,1
2026-01-30T17:06:42.642Z,84,578,1426,7,8,73,9.4,1
2026-01-30T17:11:42.764Z,84,558,1426,6,8,75,9.4,1
2026-01-30T17:16:42.853Z,84,553,1426,7,8,73,9.2,1
2026-01-30T17:21:42.936Z,84,551,1426,7,8,73,9.2,1
2026-01-30T17:26:43.054Z,84,550,1426,7,7,75,9.2,1
2026-01-30T17:31:43.159Z,84,562,1426,7,6,77,9.1,1
2026-01-30T17:36:43.268Z,84,587,1426,7,6,77,9.1,1
2026-01-30T17:41:43.339Z,84,589,1426,7,6,77,9.1,1
2026-01-30T17:46:43.442Z,84,593,1426,7,6,77,9.0,1
2026-01-30T17:51:43.561Z,84,596,1426,7,6,77,9.0,1
2026-01-30T17:56:43.658Z,84,593,1426,7,6,77,9.0,1
2026-01-30T18:01:43.782Z,84,594,1426,7,6,77,9.0,1
2026-01-30T18:06:43.846Z,84,581,1426,7,6,77,9.0,1
2026-01-30T18:11:43.966Z,84,578,1426,6,7,77,9.0,1
2026-01-30T18:16:44.048Z,84,579,1426,6,7,77,9.0,1
2026-01-30T18:21:44.158Z,84,576,1426,6,6,79,9.0,1
2026-01-30T18:26:44.266Z,84,579,1426,7,6,77,9.0,1
2026-01-30T18:31:53.724Z,84,584,1426,8,6,75,9.0,1
2026-01-30T18:36:44.447Z,84,587,1426,8,6,75,9.0,1
2026-01-30T18:41:44.555Z,84,580,1426,8,6,75,9.0,1
2026-01-30T18:46:44.648Z,84,561,1426,10,6,71,9.1,1
2026-01-30T18:51:44.730Z,84,563,1426,7,6,77,9.1,1
2026-01-30T18:56:44.836Z,84,568,1426,8,7,73,9.1,1
2026-01-30T19:01:44.951Z,84,573,1426,7,6,77,9.1,0
2026-01-30T19:06:45.047Z,84,564,1426,8,6,75,9.1,0
2026-01-30T19:11:45.139Z,84,574,1426,7,6,77,9.1,0
2026-01-30T19:16:45.299Z,84,585,1426,7,7,75,9.1,0
2026-01-30T19:21:45.330Z,84,590,1426,7,7,75,9.1,0
2026-01-30T19:26:45.547Z,84,594,1426,7,7,75,9.1,0
2026-01-30T19:31:45.547Z,84,581,1426,8,7,73,9.0,0
2026-01-30T19:36:45.650Z,84,560,1426,9,6,73,9.0,0
2026-01-30T19:41:45.767Z,84,574,1426,7,6,77,9.0,0
2026-01-30T19:46:45.866Z,84,572,1426,8,6,75,8.8,0
2026-01-30T19:51:45.966Z,84,588,1426,7,6,77,8.8,0
2026-01-30T19:56:46.054Z,84,596,1426,7,7,75,8.8,0
2026-01-30T20:01:46.137Z,84,610,1426,6,9,73,8.8,1
2026-01-30T20:06:46.294Z,84,604,1426,6,9,73,8.8,1
2026-01-30T20:11:46.362Z,84,610,1426,6,8,75,8.8,1
2026-01-30T20:16:46.438Z,84,607,1426,6,8,75,8.7,1
2026-01-30T20:21:46.558Z,84,600,1426,6,7,77,8.7,1
2026-01-30T20:26:46.667Z,84,598,1426,6,8,75,8.7,1
2026-01-30T20:31:46.743Z,84,598,1426,6,8,75,8.6,1
2026-01-30T20:36:46.835Z,84,591,1426,6,7,77,8.6,1
2026-01-30T20:41:46.951Z,84,600,1426,6,6,79,8.6,1
2026-01-30T20:46:47.041Z,84,607,1426,6,6,79,8.5,1
2026-01-30T20:51:47.141Z,84,612,1426,6,6,79,8.5,1
2026-01-30T20:56:47.243Z,84,613,1426,6,6,79,8.5,1
2026-01-30T21:01:47.338Z,84,605,1426,6,6,79,8.4,1
2026-01-30T21:06:47.450Z,84,603,1426,7,6,77,8.4,1
2026-01-30T21:11:47.569Z,84,595,1426,7,6,77,8.4,1
2026-01-30T21:16:47.656Z,84,594,1426,7,7,75,8.3,1
2026-01-30T21:21:47.771Z,84,600,1426,7,6,77,8.3,1
2026-01-30T21:26:47.865Z,84,598,1426,7,6,77,8.3,1
2026-01-30T21:31:47.955Z,84,590,1426,6,6,79,8.2,1
2026-01-30T21:36:48.059Z,84,590,1426,6,6,79,8.2,1
2026-01-30T21:41:48.138Z,84,612,1426,6,7,77,8.2,1
2026-01-30T21:46:48.248Z,84,625,1426,6,7,77,8.2,1
2026-01-30T21:51:48.413Z,84,623,1426,6,7,77,8.2,1
2026-01-30T21:56:48.451Z,84,622,1426,6,8,75,8.2,1
2026-01-30T22:01:48.559Z,84,627,1426,7,8,73,8.1,1
2026-01-30T22:06:48.650Z,84,614,1426,7,6,77,8.1,1
2026-01-30T22:11:48.745Z,84,607,1426,7,6,77,8.1,1
2026-01-30T22:16:48.866Z,84,623,1426,7,8,73,8.1,1
2026-01-30T22:21:48.944Z,84,620,1426,7,8,73,8.1,1
2026-01-30T22:26:49.048Z,84,621,1426,7,8,73,8.1,1
2026-01-30T22:31:49.151Z,84,618,1426,7,9,71,8.2,1
2026-01-30T22:36:49.224Z,84,614,1426,8,8,71,8.2,1
2026-01-30T22:41:49.371Z,84,620,1426,7,9,71,8.2,1
2026-01-30T22:46:49.423Z,84,608,1426,7,7,75,8.2,1
2026-01-30T22:51:49.530Z,84,606,1426,8,7,73,8.2,1
2026-01-30T22:56:49.611Z,84,608,1426,8,8,71,8.2,1
2026-01-30T23:01:49.738Z,84,612,1426,8,8,71,8.2,1
2026-01-30T23:06:49.829Z,84,612,1426,8,8,71,8.2,1
2026-01-30T23:11:49.943Z,84,620,1426,8,8,71,8.2,1
2026-01-30T23:16:50.019Z,84,611,1426,8,7,73,8.3,1
2026-01-30T23:21:50.143Z,84,615,1426,8,7,73,8.3,1
2026-01-30T23:26:50.240Z,84,615,1426,7,7,75,8.3,1
2026-01-30T23:31:50.330Z,84,612,1426,7,7,75,8.5,1
2026-01-30T23:36:50.426Z,84,611,1426,7,7,75,8.5,1
2026-01-30T23:41:50.523Z,84,618,1426,7,7,75,8.5,1
2026-01-30T23:46:50.620Z,84,628,1426,7,8,73,8.6,1
2026-01-30T23:51:50.736Z,84,619,1426,7,8,73,8.6,1
2026-01-30T23:56:50.821Z,84,617,1426,9,7,71,8.6,1
2026-01-31T00:01:50.950Z,84,622,1426,8,7,73,8.5,1
2026-01-31T00:06:51.023Z,84,630,1426,8,7,73,8.5,1
2026-01-31T00:11:51.119Z,84,634,1426,8,7,73,8.5,1
2026-01-31T00:16:51.230Z,84,635,1426,8,7,73,8.6,1
2026-01-31T00:21:51.358Z,84,636,1426,8,7,73,8.6,1
2026-01-31T00:26:51.450Z,84,636,1426,8,7,73,8.6,1
2026-01-31T00:31:51.543Z,84,637,1426,8,7,73,8.7,1
2026-01-31T00:36:51.663Z,84,637,1426,8,7,73,8.7,1
2026-01-31T00:41:51.728Z,84,637,1426,8,7,73,8.7,1
2026-01-31T00:46:51.840Z,84,638,1426,8,7,73,8.8,1
2026-01-31T00:51:51.932Z,84,638,1426,8,7,73,8.8,1
2026-01-31T00:56:52.033Z,84,638,1426,8,7,73,8.8,1
2026-01-31T07:01:59.325Z,84,639,1426,9,7,71,10.1,0
2026-01-31T07:06:59.449Z,84,634,1426,9,7,71,10.1,0
2026-01-31T07:11:59.533Z,84,625,1426,9,7,71,10.1,0
2026-01-31T07:16:59.629Z,84,623,1426,9,7,71,10.0,0
2026-01-31T07:21:59.730Z,84,626,1426,8,7,73,10.0,0
2026-01-31T07:26:59.835Z,84,627,1426,8,7,73,10.0,0
2026-01-31T07:31:59.928Z,84,621,1426,8,7,73,9.9,0
2026-01-31T07:37:00.032Z,84,617,1426,8,7,73,9.9,0
2026-01-31T07:42:00.172Z,84,607,1426,8,6,75,9.9,0
2026-01-31T07:47:00.332Z,84,609,1426,8,6,75,9.8,0
2026-01-31T07:52:00.374Z,84,615,1426,8,6,75,9.8,0
2026-01-31T07:57:00.442Z,84,623,1426,8,6,75,9.8,0
2026-01-31T08:02:00.527Z,84,627,1426,8,6,75,9.8,0
2026-01-31T08:07:00.634Z,84,631,1426,8,6,75,9.8,0
2026-01-31T08:12:00.727Z,84,630,1426,8,6,75,9.8,0
2026-01-31T08:17:00.862Z,84,622,1426,8,6,75,9.8,0
2026-01-31T08:22:00.957Z,84,625,1426,8,6,75,9.8,0
2026-01-31T08:27:01.056Z,84,626,1426,8,6,75,9.8,0
2026-01-31T08:32:01.141Z,84,624,1426,8,7,73,9.9,0
2026-01-31T08:37:01.236Z,84,611,1426,8,7,73,9.9,0
2026-01-31T08:42:01.328Z,84,599,1426,7,7,75,9.9,0
2026-01-31T08:47:01.426Z,84,596,1426,7,6,77,10.0,0
2026-01-31T08:52:01.529Z,84,598,1426,7,6,77,10.0,0
2026-01-31T08:57:01.635Z,84,599,1426,7,7,75,10.0,0
2026-01-31T09:02:01.755Z,84,595,1426,7,7,75,10.1,0
2026-01-31T09:07:01.831Z,84,605,1426,7,7,75,10.1,0
2026-01-31T09:12:01.947Z,84,598,1426,6,7,77,10.1,0
2026-01-31T09:17:02.042Z,84,596,1426,7,7,75,10.4,0
2026-01-31T09:22:02.161Z,84,591,1426,7,7,75,10.4,0
2026-01-31T09:27:02.248Z,84,596,1426,7,7,75,10.4,0
2026-01-31T09:32:02.358Z,84,594,1426,7,6,77,10.6,0
2026-01-31T09:37:02.439Z,84,600,1426,8,6,75,10.6,0
2026-01-31T09:42:02.765Z,84,603,1426,7,6,77,10.5,0
2026-01-31T09:47:02.630Z,84,603,1426,7,7,75,10.8,0
2026-01-31T09:52:02.738Z,84,600,1426,7,7,75,10.8,0
2026-01-31T09:57:02.842Z,84,607,1426,7,7,75,10.8,0
2026-01-31T10:02:02.941Z,84,605,1426,9,7,71,10.9,0
2026-01-31T10:07:03.026Z,84,605,1426,9,8,70,10.9,0
2026-01-31T10:12:03.126Z,84,591,1426,8,7,73,10.9,0
2026-01-31T10:17:03.265Z,84,591,1426,9,7,71,11.1,0
2026-01-31T10:22:03.343Z,84,594,1426,8,8,71,11.1,0
2026-01-31T10:27:03.436Z,84,592,1426,8,8,71,11.1,0
2026-01-31T10:32:03.554Z,84,590,1426,8,8,71,11.2,0
2026-01-31T10:37:03.629Z,84,598,1426,8,8,71,11.2,0
2026-01-31T10:42:03.728Z,84,594,1426,8,7,73,11.2,0
2026-01-31T10:47:03.843Z,84,584,1426,9,7,71,11.3,0
2026-01-31T10:52:03.926Z,84,586,1426,7,7,75,11.3,0
2026-01-31T10:57:04.043Z,84,592,1426,7,7,75,11.3,0
2026-01-31T11:02:04.137Z,84,580,1426,8,6,75,11.4,0
2026-01-31T11:07:04.255Z,84,584,1426,10,6,71,11.4,0
2026-01-31T11:12:04.340Z,84,569,1426,9,6,73,11.4,0
2026-01-31T11:17:04.475Z,84,567,1426,9,6,73,11.6,0
2026-01-31T11:22:04.552Z,84,562,1426,9,6,73,11.6,0
2026-01-31T11:27:04.639Z,84,563,1426,9,6,73,11.6,0
2026-01-31T11:32:04.754Z,84,564,1426,8,6,75,11.8,0
2026-01-31T11:37:04.831Z,84,555,1426,8,6,75,11.8,0
2026-01-31T11:42:04.938Z,84,558,1426,8,6,75,11.8,0
2026-01-31T11:47:05.035Z,84,569,1426,8,6,75,12.0,0
2026-01-31T11:52:05.143Z,84,567,1426,8,6,75,12.0,0
2026-01-31T11:57:05.236Z,84,567,1426,7,6,77,12.0,0
2026-01-31T12:02:05.360Z,84,577,1426,6,6,79,12.3,0
2026-01-31T12:07:05.429Z,84,584,1426,7,6,77,12.3,0
2026-01-31T12:12:05.549Z,84,573,1426,9,6,73,12.3,0
2026-01-31T12:17:05.625Z,84,567,1426,11,7,68,12.2,0
2026-01-31T12:22:05.773Z,84,564,1426,12,7,66,12.2,0
2026-01-31T12:27:05.822Z,84,555,1426,9,7,71,12.2,0
2026-01-31T12:32:05.928Z,84,558,1426,9,6,73,12.1,0
2026-01-31T12:37:06.027Z,84,557,1426,10,7,70,12.1,0
2026-01-31T12:42:06.130Z,84,558,1426,12,9,63,12.1,0
2026-01-31T12:47:06.228Z,84,562,1426,10,7,70,11.9,0
2026-01-31T12:52:06.341Z,84,557,1426,10,7,70,11.9,0
2026-01-31T12:57:06.414Z,84,558,1426,9,8,70,11.9,0
2026-01-31T13:02:06.545Z,84,563,1426,8,7,73,11.8,0
2026-01-31T13:07:06.632Z,84,569,1426,9,8,70,11.8,0
2026-01-31T13:12:06.736Z,84,556,1426,8,6,75,11.8,0
2026-01-31T13:17:06.857Z,84,549,1426,10,7,70,11.9,0
2026-01-31T13:22:07.019Z,84,562,1426,8,8,71,11.9,0
2026-01-31T13:27:07.034Z,84,567,1426,10,7,70,11.9,0
2026-01-31T13:32:07.119Z,84,560,1426,8,6,75,12.1,0
2026-01-31T13:37:07.229Z,84,572,1426,9,7,71,12.1,0
2026-01-31T13:42:07.309Z,84,563,1426,9,7,71,12.1,0
2026-01-31T13:47:07.466Z,84,567,1426,8,8,71,12.3,0
2026-01-31T13:52:07.546Z,84,552,1426,9,8,70,12.3,0
2026-01-31T13:57:07.612Z,84,554,1426,10,9,66,12.3,0
2026-01-31T14:02:07.723Z,84,574,1426,8,9,70,12.5,0
2026-01-31T14:07:07.813Z,84,568,1426,7,7,75,12.5,0
2026-01-31T14:12:07.930Z,84,584,1426,8,8,71,12.5,0
2026-01-31T14:17:08.040Z,84,578,1426,8,9,70,12.5,0
2026-01-31T14:22:08.102Z,84,576,1426,7,8,73,12.5,0
2026-01-31T14:27:08.218Z,84,573,1426,8,9,70,12.5,0
2026-01-31T14:32:08.311Z,84,580,1426,8,9,70,12.4,0
2026-01-31T14:37:08.421Z,84,578,1426,9,9,68,12.4,0
2026-01-31T14:42:08.513Z,84,577,1426,10,8,68,12.4,0
2026-01-31T14:47:08.618Z,84,576,1426,10,9,66,12.4,0
2026-01-31T14:52:08.727Z,84,583,1426,11,8,66,12.4,0
2026-01-31T14:57:08.819Z,84,587,1426,10,9,66,12.4,0
2026-01-31T15:02:08.938Z,84,587,1426,12,8,64,12.3,0
2026-01-31T15:07:09.022Z,84,587,1426,12,7,66,12.3,0
2026-01-31T15:12:09.129Z,84,578,1426,11,7,68,12.3,0
2026-01-31T15:17:09.225Z,84,573,1426,11,7,68,12.3,0
2026-01-31T15:22:09.314Z,84,568,1426,10,7,70,12.3,0
2026-01-31T15:27:09.424Z,84,573,1426,9,7,71,12.3,0
2026-01-31T15:32:09.539Z,84,569,1426,8,6,75,12.3,0
2026-01-31T15:37:09.624Z,84,560,1426,10,6,71,12.3,0
2026-01-31T15:42:09.728Z,84,552,1426,9,6,73,12.3,0
2026-01-31T15:47:10.333Z,84,545,1426,9,6,73,12.2,0
2026-01-31T15:52:09.955Z,84,548,1426,10,6,71,12.2,0
2026-01-31T15:57:10.074Z,84,563,1426,10,6,71,12.2,0
2026-01-31T16:02:10.113Z,84,561,1426,9,6,73,12.2,0
2026-01-31T16:07:10.243Z,84,549,1426,9,6,73,12.2,0
2026-01-31T16:12:10.315Z,84,554,1426,8,7,73,12.2,0
2026-01-31T16:17:10.431Z,84,540,1426,10,7,70,12.1,0
2026-01-31T16:22:10.509Z,84,544,1426,9,6,73,12.1,0
2026-01-31T16:27:10.665Z,84,540,1426,10,6,71,12.1,0
2026-01-31T16:32:10.792Z,84,535,1426,11,6,70,12.0,0
2026-01-31T16:37:10.835Z,84,516,1426,8,6,75,12.0,0
2026-01-31T16:42:10.948Z,84,510,1426,11,6,70,12.0,0
2026-01-31T16:47:11.047Z,84,518,1426,7,7,75,11.9,0
2026-01-31T16:52:11.127Z,84,523,1426,10,7,70,11.9,0
2026-01-31T16:57:11.290Z,84,525,1426,10,6,71,11.9,0
2026-01-31T17:02:11.331Z,84,534,1426,9,6,73,11.8,0
2026-01-31T17:07:11.432Z,84,519,1426,10,6,71,11.8,0
2026-01-31T17:12:11.518Z,84,523,1426,9,7,71,11.8,0
2026-01-31T17:17:11.624Z,84,518,1426,13,7,64,11.7,0
2026-01-31T17:22:11.755Z,84,519,1426,12,8,64,11.7,0
2026-01-31T17:27:11.832Z,84,524,1426,9,8,70,11.7,0
2026-01-31T17:32:11.930Z,84,524,1426,10,7,70,11.5,0
2026-01-31T17:37:12.026Z,84,531,1426,11,10,63,11.5,0
2026-01-31T17:42:12.149Z,84,523,1426,10,8,68,11.5,0
2026-01-31T17:47:12.244Z,84,515,1426,10,7,70,11.4,0
2026-01-31T17:52:12.315Z,84,518,1426,9,7,71,11.4,0
2026-01-31T17:57:12.442Z,84,527,1426,10,7,70,11.4,0
2026-01-31T18:02:12.588Z,84,523,1426,10,7,70,11.3,0
2026-01-31T18:07:12.625Z,84,535,1426,10,7,70,11.3,0
2026-01-31T18:12:12.732Z,84,509,1426,11,7,68,11.3,0
2026-01-31T18:17:12.813Z,84,522,1426,13,6,66,11.2,0
2026-01-31T18:22:12.933Z,84,521,1426,11,6,70,11.2,0
2026-01-31T18:27:13.032Z,84,527,1426,12,8,64,11.2,0
2026-01-31T18:32:13.136Z,84,532,1426,10,9,66,11.0,0
2026-01-31T18:37:13.231Z,84,541,1426,13,8,62,11.0,0
2026-01-31T18:42:13.346Z,84,549,1426,9,9,68,11.0,0
2026-01-31T18:47:13.435Z,84,548,1426,9,11,64,10.8,0
2026-01-31T18:52:13.523Z,84,543,1426,11,10,63,10.8,0
2026-01-31T18:57:13.608Z,84,542,1426,11,9,64,10.8,0
2026-01-31T19:02:13.729Z,84,548,1426,13,12,55,10.7,0
2026-01-31T19:07:13.817Z,84,542,1426,12,11,59,10.7,0
2026-01-31T19:12:13.907Z,84,539,1426,10,11,62,10.7,0
2026-01-31T19:17:14.030Z,84,539,1426,11,12,59,10.7,0
2026-01-31T19:22:14.128Z,84,532,1426,10,10,64,10.7,0
2026-01-31T19:27:14.238Z,84,539,1426,8,11,66,10.7,0
2026-01-31T19:32:14.321Z,84,536,1426,9,11,64,10.7,0
2026-01-31T19:37:14.419Z,84,541,1426,10,10,64,10.7,0
2026-01-31T19:42:14.526Z,84,522,1426,10,10,64,10.7,0
2026-01-31T19:47:14.619Z,84,503,1426,9,9,68,10.8,0
2026-01-31T19:52:14.740Z,84,522,1426,10,9,66,10.8,0
2026-01-31T19:57:14.823Z,84,512,1426,11,7,68,10.8,0
2026-01-31T20:02:14.925Z,84,511,1426,10,8,68,10.8,0
2026-01-31T20:07:15.008Z,84,527,1426,9,11,64,10.8,0
2026-01-31T20:12:15.127Z,84,520,1426,10,11,62,10.8,0
2026-01-31T20:17:15.213Z,84,530,1426,11,11,61,10.9,0
2026-01-31T20:22:15.315Z,84,536,1426,12,13,55,10.9,0
2026-01-31T20:27:15.419Z,84,532,1426,11,9,64,10.9,0
2026-01-31T20:32:15.549Z,84,541,1426,11,13,57,10.9,0
2026-01-31T20:37:15.620Z,84,538,1426,11,12,59,10.9,0
2026-01-31T20:42:15.721Z,84,539,1426,10,12,61,10.9,0
2026-01-31T20:47:15.826Z,84,554,1426,10,10,64,10.9,0
2026-01-31T20:52:15.926Z,84,546,1426,11,8,66,10.9,0
2026-01-31T20:57:16.041Z,84,552,1426,9,9,68,10.9,0
2026-01-31T21:02:16.119Z,84,544,1426,10,9,66,10.9,0
2026-01-31T21:07:16.236Z,84,535,1426,10,7,70,10.9,0
2026-01-31T21:12:16.322Z,84,555,1426,10,7,70,10.9,0
2026-01-31T21:17:16.418Z,84,559,1426,10,6,71,10.9,0
2026-01-31T21:22:16.533Z,84,541,1426,11,6,70,10.9,0
2026-01-31T21:27:16.633Z,84,558,1426,9,7,71,10.9,0
2026-01-31T21:32:16.714Z,84,565,1426,10,7,70,11.0,0
2026-01-31T21:37:16.833Z,84,569,1426,9,6,73,11.0,0
2026-01-31T21:42:16.921Z,84,553,1426,8,8,71,10.8,0
2026-01-31T21:47:17.007Z,84,545,1426,8,8,71,10.9,0
2026-01-31T21:52:17.133Z,84,559,1426,8,11,66,10.9,0
2026-01-31T21:57:17.223Z,84,565,1426,8,11,66,10.9,0
2026-01-31T22:02:17.349Z,84,574,1426,8,8,71,10.9,0
2026-01-31T22:07:17.418Z,84,570,1426,8,9,70,10.9,0
2026-01-31T22:12:17.515Z,84,560,1426,10,11,62,10.9,0
2026-01-31T22:17:17.627Z,84,565,1426,10,10,64,10.9,0
2026-01-31T22:22:17.763Z,84,558,1426,10,8,68,10.9,0
2026-01-31T22:27:17.818Z,84,556,1426,10,8,68,10.9,0
2026-01-31T22:32:17.969Z,84,563,1426,12,9,63,10.9,0
2026-01-31T22:37:18.011Z,84,551,1426,12,8,64,10.9,0
2026-01-31T22:42:18.189Z,84,558,1426,11,8,66,10.9,0
2026-01-31T22:47:18.215Z,84,561,1426,11,8,66,11.0,0
2026-01-31T22:52:18.325Z,84,560,1426,10,9,66,11.0,0
2026-01-31T22:57:18.441Z,84,554,1426,9,10,66,11.0,0
2026-01-31T23:02:18.529Z,84,549,1426,9,9,68,11.0,0
2026-01-31T23:07:18.617Z,84,554,1426,10,9,66,11.0,0
2026-01-31T23:12:18.715Z,84,564,1426,10,9,66,11.0,0
2026-01-31T23:17:18.823Z,84,555,1426,10,7,70,11.0,0
2026-01-31T23:22:18.928Z,84,550,1426,8,7,73,11.0,0
2026-01-31T23:27:19.068Z,84,561,1426,8,7,73,11.0,0
2026-01-31T23:32:19.125Z,84,563,1426,7,8,73,11.0,0
2026-01-31T23:37:19.222Z,84,566,1426,7,7,75,11.0,0
2026-01-31T23:42:19.331Z,84,569,1426,7,7,75,11.0,0
2026-01-31T23:47:19.432Z,84,576,1426,7,7,75,10.9,0
2026-01-31T23:52:19.538Z,84,578,1426,7,7,75,10.9,0
2026-01-31T23:57:19.640Z,84,567,1426,8,6,75,10.9,0
2026-02-01T00:02:19.712Z,84,566,1426,10,6,71,11.0,0
2026-02-01T00:07:19.855Z,84,579,1426,9,6,73,11.0,0
2026-02-01T00:12:19.940Z,84,592,1426,8,7,73,11.0,0
2026-02-01T00:17:20.025Z,84,591,1426,8,7,73,10.9,0
2026-02-01T00:22:20.109Z,84,594,1426,8,7,73,10.9,0
2026-02-01T00:27:20.239Z,84,596,1426,8,7,73,10.9,0
2026-02-01T00:32:20.341Z,84,603,1426,8,7,73,10.7,0
2026-02-01T00:37:20.426Z,84,603,1426,8,7,73,10.7,0
2026-02-01T00:42:20.527Z,84,603,1426,8,7,73,10.7,0
2026-02-01T00:47:20.635Z,84,603,1426,8,7,73,10.5,0
2026-02-01T00:52:20.715Z,84,604,1426,8,7,73,10.5,0
2026-02-01T00:57:20.828Z,84,604,1426,8,7,73,10.5,0
2026-02-01T07:02:28.113Z,84,591,1426,8,6,75,11.7,1
2026-02-01T07:07:28.211Z,84,596,1426,7,6,77,11.7,1
2026-02-01T07:12:28.331Z,84,595,1426,7,6,77,11.7,1
2026-02-01T07:17:28.394Z,84,594,1426,7,6,77,11.7,1
2026-02-01T07:22:28.505Z,84,603,1426,7,6,77,11.7,1
2026-02-01T07:27:28.603Z,84,604,1426,7,6,77,11.7,1
2026-02-01T07:32:28.718Z,84,599,1426,7,6,77,11.7,1
2026-02-01T07:37:28.789Z,84,590,1426,7,6,77,11.7,1
2026-02-01T07:42:28.909Z,84,587,1426,7,6,77,11.7,1
2026-02-01T07:47:29.001Z,84,585,1426,6,6,79,11.7,1
2026-02-01T07:52:29.108Z,84,597,1426,6,6,79,11.7,1
2026-02-01T07:57:29.215Z,84,603,1426,6,6,79,11.7,1
2026-02-01T08:02:29.326Z,84,601,1426,6,6,79,11.7,1
2026-02-01T08:07:29.354Z,84,597,1426,6,6,79,11.7,1
2026-02-01T08:12:29.462Z,84,600,1426,6,6,79,11.7,1
2026-02-01T08:17:29.556Z,84,596,1426,6,6,79,11.8,1
2026-02-01T08:22:29.650Z,84,592,1426,6,6,79,11.8,1
2026-02-01T08:27:29.787Z,84,592,1426,7,7,75,11.8,1
2026-02-01T08:32:29.890Z,84,591,1426,7,8,73,11.9,1
2026-02-01T08:37:29.952Z,84,589,1426,7,7,75,11.9,1
2026-02-01T08:42:30.060Z,84,592,1426,7,7,75,11.9,1
2026-02-01T08:47:30.162Z,84,592,1426,7,7,75,12.1,1
2026-02-01T08:52:30.255Z,84,594,1426,7,7,75,12.1,1
2026-02-01T08:57:30.355Z,84,592,1426,8,7,73,12.1,1
2026-02-01T09:02:30.463Z,84,597,1426,7,7,75,12.2,1
2026-02-01T09:07:30.569Z,84,595,1426,7,7,75,12.2,1
2026-02-01T09:12:30.660Z,84,596,1426,8,7,73,12.2,1
2026-02-01T09:17:30.755Z,84,594,1426,7,7,75,12.4,1
2026-02-01T09:22:30.890Z,84,595,1426,7,7,75,12.4,1
2026-02-01T09:27:30.975Z,84,590,1426,6,7,77,12.4,1
2026-02-01T09:32:31.066Z,84,595,1426,6,7,77,12.6,1
2026-02-01T09:37:31.188Z,84,592,1426,7,7,75,12.6,1
2026-02-01T09:42:31.257Z,84,587,1426,7,7,75,12.6,1
2026-02-01T09:47:31.357Z,84,581,1426,7,8,73,12.6,0
2026-02-01T09:52:31.502Z,84,582,1426,7,7,75,12.6,0
2026-02-01T09:57:31.568Z,84,573,1426,8,7,73,12.6,0
2026-02-01T10:02:31.686Z,84,570,1426,7,6,77,12.8,0
2026-02-01T10:07:31.744Z,84,578,1426,8,7,73,12.8,0
2026-02-01T10:12:31.891Z,84,578,1426,8,8,71,12.8,0
2026-02-01T10:17:31.978Z,84,571,1426,8,8,71,13.0,0
2026-02-01T10:22:32.081Z,84,567,1426,9,8,70,13.0,0
2026-02-01T10:27:32.159Z,84,561,1426,9,8,70,13.0,0
2026-02-01T10:32:32.335Z,84,553,1426,11,9,64,13.2,0
2026-02-01T10:37:32.358Z,84,564,1426,10,8,68,13.2,0
2026-02-01T10:42:32.490Z,84,567,1426,12,7,66,13.2,0
2026-02-01T10:47:32.565Z,84,568,1426,13,7,64,13.3,0
2026-02-01T10:52:32.665Z,84,563,1426,13,7,64,13.3,0
2026-02-01T10:57:32.768Z,84,565,1426,12,7,66,13.3,0
2026-02-01T11:02:32.889Z,84,564,1426,11,7,68,13.4,0
2026-02-01T11:07:33.015Z,84,558,1426,12,7,66,13.4,0
2026-02-01T11:12:33.056Z,84,562,1426,10,6,71,13.4,0
2026-02-01T11:17:33.162Z,84,551,1426,10,6,71,13.5,0
2026-02-01T11:22:33.256Z,84,544,1426,12,6,68,13.5,0
2026-02-01T11:27:33.387Z,84,537,1426,11,6,70,13.5,0
2026-02-01T11:32:33.567Z,84,534,1426,12,6,68,13.6,0
2026-02-01T11:37:33.553Z,84,533,1426,12,6,68,13.6,0
2026-02-01T11:42:33.685Z,84,534,1426,10,7,70,13.6,0
2026-02-01T11:47:33.769Z,84,540,1426,9,8,70,13.6,0
2026-02-01T11:52:33.882Z,84,545,1426,9,8,70,13.6,0
2026-02-01T11:57:34.030Z,84,551,1426,9,8,70,13.7,0
2026-02-01T12:02:34.064Z,84,548,1426,10,7,70,13.7,0
2026-02-01T12:07:34.170Z,84,565,1426,8,7,73,13.7,0
2026-02-01T12:12:34.286Z,84,561,1426,10,7,70,13.7,0
2026-02-01T12:17:34.372Z,84,560,1426,10,6,71,13.7,0
2026-02-01T12:22:34.462Z,84,546,1426,10,6,71,13.7,0
2026-02-01T12:27:34.571Z,84,544,1426,9,7,71,13.7,0
2026-02-01T12:32:34.661Z,84,552,1426,9,7,71,13.7,0
2026-02-01T12:37:34.766Z,84,560,1426,9,7,71,13.7,0
2026-02-01T12:42:34.863Z,84,548,1426,7,6,77,13.7,0
2026-02-01T12:47:34.961Z,84,550,1426,7,6,77,13.6,0
2026-02-01T12:52:35.062Z,84,539,1426,8,6,75,13.6,0
2026-02-01T12:57:35.164Z,84,541,1426,8,6,75,13.6,0
2026-02-01T13:02:35.270Z,84,546,1426,6,6,79,13.6,0
2026-02-01T13:07:35.372Z,84,548,1426,6,6,79,13.6,0
2026-02-01T13:12:35.513Z,84,544,1426,6,6,79,13.6,0
2026-02-01T13:17:35.580Z,84,539,1426,6,6,79,13.7,0
2026-02-01T13:22:35.689Z,84,554,1426,6,6,79,13.7,0
2026-02-01T13:27:35.811Z,84,562,1426,6,6,79,13.7,0
2026-02-01T13:32:35.872Z,84,563,1426,7,7,75,13.8,0
2026-02-01T13:37:35.949Z,84,553,1426,7,7,75,13.8,0
2026-02-01T13:42:36.070Z,84,552,1426,7,6,77,13.8,0
2026-02-01T13:47:36.251Z,84,564,1426,8,6,75,13.9,0
2026-02-01T13:52:36.272Z,84,557,1426,10,6,71,13.9,0
2026-02-01T13:57:36.364Z,84,568,1426,10,6,71,13.9,0
2026-02-01T14:02:36.479Z,84,564,1426,10,6,71,13.9,0
2026-02-01T14:07:36.554Z,84,570,1426,9,6,73,13.9,0
2026-02-01T14:12:36.659Z,84,576,1426,8,6,75,13.9,0
2026-02-01T14:17:36.773Z,84,579,1426,8,6,75,14.0,0
2026-02-01T14:22:36.872Z,84,576,1426,8,6,75,14.0,0
2026-02-01T14:27:36.963Z,84,575,1426,6,6,79,14.0,0
2026-02-01T14:32:37.068Z,84,563,1426,6,6,79,14.0,0
2026-02-01T14:37:37.174Z,84,556,1426,9,6,73,14.0,0
2026-02-01T14:42:37.278Z,84,553,1426,9,6,73,14.0,0
2026-02-01T14:47:37.385Z,84,555,1426,7,6,77,14.0,0
2026-02-01T14:52:37.481Z,84,561,1426,7,6,77,14.0,0
2026-02-01T14:57:37.570Z,84,562,1426,7,6,77,14.0,0
2026-02-01T15:02:37.690Z,84,561,1426,7,6,77,14.0,1
2026-02-01T15:07:37.795Z,84,557,1426,8,6,75,14.0,1
2026-02-01T15:12:37.891Z,84,555,1426,8,6,75,14.0,1
2026-02-01T15:17:37.971Z,84,549,1426,8,6,75,13.9,1
2026-02-01T15:22:38.096Z,84,542,1426,7,6,77,13.9,1
2026-02-01T15:27:38.200Z,84,554,1426,8,6,75,13.9,1
2026-02-01T15:32:38.262Z,84,552,1426,9,6,73,13.8,1
2026-02-01T15:37:38.391Z,84,549,1426,10,6,71,13.8,1
2026-02-01T15:42:38.505Z,84,549,1426,7,6,77,14.2,0
2026-02-01T15:47:38.601Z,84,547,1426,9,7,71,14.1,0
2026-02-01T15:52:38.680Z,84,556,1426,8,6,75,14.1,0
2026-02-01T15:57:38.784Z,84,547,1426,8,6,75,14.1,0
2026-02-01T16:02:38.885Z,84,551,1426,8,6,75,14.1,1
2026-02-01T16:07:38.975Z,84,541,1426,8,6,75,14.1,1
2026-02-01T16:12:39.077Z,84,532,1426,7,6,77,14.1,1
2026-02-01T16:17:39.192Z,84,523,1426,7,6,77,14.0,1
2026-02-01T16:22:39.277Z,84,529,1426,7,6,77,14.0,1
2026-02-01T16:27:39.384Z,84,534,1426,8,6,75,14.0,1
2026-02-01T16:32:39.499Z,84,530,1426,7,6,77,13.9,1
2026-02-01T16:37:39.580Z,84,526,1426,9,6,73,13.9,1
2026-02-01T16:42:39.728Z,84,519,1426,9,6,73,13.9,1
2026-02-01T16:47:39.790Z,84,519,1426,10,6,71,13.7,1
2026-02-01T16:52:39.861Z,84,510,1426,11,6,70,13.7,1
2026-02-01T16:57:39.974Z,84,528,1426,11,6,70,13.7,1
2026-02-01T17:02:40.088Z,84,531,1426,9,7,71,13.7,1
2026-02-01T17:07:40.164Z,84,534,1426,7,7,75,13.7,1
2026-02-01T17:12:40.293Z,84,520,1426,8,7,73,13.7,1
2026-02-01T17:17:40.402Z,84,515,1426,9,7,71,13.6,1
2026-02-01T17:22:40.507Z,84,527,1426,9,7,71,13.6,1
2026-02-01T17:27:40.575Z,84,527,1426,8,7,73,13.6,1
2026-02-01T17:32:40.701Z,84,534,1426,8,7,73,13.7,1
2026-02-01T17:37:40.769Z,84,528,1426,8,6,75,13.7,1
2026-02-01T17:42:40.869Z,84,529,1426,8,6,75,13.7,1
2026-02-01T17:47:40.980Z,84,526,1426,8,6,75,13.7,1
2026-02-01T17:52:41.074Z,84,534,1426,7,6,77,13.7,1
2026-02-01T17:57:41.178Z,84,536,1426,7,6,77,14.1,1
2026-02-01T18:02:41.280Z,84,542,1426,7,6,77,14.1,0
2026-02-01T18:07:41.383Z,84,540,1426,7,6,77,14.1,0
2026-02-01T18:12:41.479Z,84,531,1426,8,6,75,14.1,0
2026-02-01T18:17:41.582Z,84,523,1426,9,6,73,14.1,0
2026-02-01T18:22:41.702Z,84,532,1426,9,6,73,14.1,0
2026-02-01T18:27:41.788Z,84,532,1426,9,6,73,14.1,0
2026-02-01T18:32:41.895Z,84,543,1426,7,7,75,14.0,0
2026-02-01T18:37:51.342Z,84,549,1426,7,7,75,14.0,0
2026-02-01T18:42:42.097Z,84,535,1426,7,8,73,14.0,0
2026-02-01T18:47:42.207Z,84,530,1426,7,7,75,13.9,0
2026-02-01T18:52:42.277Z,84,529,1426,8,7,73,13.9,0
2026-02-01T18:57:42.382Z,84,542,1426,9,7,71,13.9,0
2026-02-01T19:02:42.493Z,84,553,1426,8,7,73,13.8,0
2026-02-01T19:07:42.585Z,84,561,1426,7,7,75,13.8,0
2026-02-01T19:12:42.753Z,84,561,1426,8,7,73,13.8,0
2026-02-01T19:17:42.777Z,84,561,1426,8,7,73,13.8,0
2026-02-01T19:22:42.865Z,84,548,1426,8,7,73,13.8,0
2026-02-01T19:27:42.977Z,84,544,1426,8,7,73,13.8,0
2026-02-01T19:32:43.076Z,84,536,1426,11,6,70,13.7,0
2026-02-01T19:37:43.176Z,84,538,1426,10,6,71,13.7,0
2026-02-01T19:42:43.304Z,84,557,1426,8,6,75,13.7,0
2026-02-01T19:47:43.370Z,84,560,1426,9,7,71,13.6,0
2026-02-01T19:52:43.496Z,84,562,1426,8,7,73,13.6,0
2026-02-01T19:57:43.598Z,84,566,1426,8,7,73,13.6,0
2026-02-01T20:02:43.683Z,84,562,1426,9,7,71,13.6,1
2026-02-01T20:07:43.776Z,84,558,1426,9,6,73,13.6,1
2026-02-01T20:12:43.886Z,84,560,1426,9,6,73,13.6,1
2026-02-01T20:17:44.079Z,84,573,1426,9,7,71,13.6,1
2026-02-01T20:22:44.094Z,84,572,1426,8,7,73,13.6,1
2026-02-01T20:27:44.197Z,84,578,1426,7,7,75,13.6,1
2026-02-01T20:32:44.310Z,84,576,1426,8,7,73,13.6,1
2026-02-01T20:37:44.382Z,84,576,1426,8,7,73,13.6,1
2026-02-01T20:42:44.483Z,84,576,1426,8,8,71,13.6,1
2026-02-01T20:47:44.575Z,84,570,1426,8,7,73,13.6,1
2026-02-01T20:52:44.682Z,84,572,1426,8,7,73,13.6,1
2026-02-01T20:57:44.823Z,84,573,1426,8,7,73,13.6,1
2026-02-01T21:02:44.878Z,84,579,1426,8,7,73,13.6,1
2026-02-01T21:07:45.009Z,84,584,1426,7,7,75,13.6,1
2026-02-01T21:12:45.070Z,84,592,1426,7,7,75,13.6,1
2026-02-01T21:17:45.186Z,84,591,1426,7,7,75,13.6,1
2026-02-01T21:22:45.312Z,84,587,1426,7,7,75,13.6,1
2026-02-01T21:27:45.373Z,84,588,1426,7,8,73,13.6,1
2026-02-01T21:32:45.513Z,84,590,1426,7,8,73,13.6,1
2026-02-01T21:37:45.587Z,84,594,1426,7,8,73,13.6,1
2026-02-01T21:42:45.693Z,84,589,1426,7,8,73,13.8,1
2026-02-01T21:47:45.777Z,84,589,1426,7,7,75,13.8,1
2026-02-01T21:52:45.984Z,84,586,1426,7,7,75,13.8,1
2026-02-01T21:57:45.959Z,84,588,1426,7,7,75,13.8,1
2026-02-01T22:02:46.063Z,84,589,1426,7,7,75,13.8,1
2026-02-01T22:07:46.169Z,84,584,1426,7,7,75,13.8,1
2026-02-01T22:12:46.280Z,84,581,1426,8,7,73,13.8,1
2026-02-01T22:17:46.382Z,84,584,1426,8,7,73,13.8,1
2026-02-01T22:22:46.476Z,84,585,1426,8,7,73,13.8,1
2026-02-01T22:27:46.571Z,84,587,1426,8,7,73,13.8,1
2026-02-01T22:32:46.684Z,84,583,1426,8,7,73,13.8,1
2026-02-01T22:37:46.784Z,84,585,1426,8,6,75,13.8,1
2026-02-01T22:42:46.877Z,84,590,1426,6,6,79,13.8,1
2026-02-01T22:47:46.965Z,84,593,1426,6,7,77,13.8,1
2026-02-01T22:52:47.085Z,84,595,1426,6,8,75,13.8,1
2026-02-01T22:57:47.177Z,84,596,1426,6,7,77,13.8,1
2026-02-01T23:02:47.264Z,84,593,1426,6,7,77,13.8,1
2026-02-01T23:07:47.370Z,84,593,1426,6,7,77,13.8,1
2026-02-01T23:12:47.485Z,84,590,1426,6,7,77,13.8,1
2026-02-01T23:17:47.564Z,84,595,1426,6,7,77,13.8,1
2026-02-01T23:22:47.711Z,84,595,1426,6,7,77,13.8,1
2026-02-01T23:27:47.778Z,84,590,1426,6,7,77,13.8,1
2026-02-01T23:32:47.889Z,84,591,1426,6,7,77,13.8,1
2026-02-01T23:37:47.970Z,84,595,1426,6,7,77,13.8,1
2026-02-01T23:42:48.096Z,84,597,1426,6,7,77,13.8,1
2026-02-01T23:47:48.173Z,84,598,1426,6,7,77,13.7,1
2026-02-01T23:52:48.268Z,84,598,1426,6,7,77,13.7,1
2026-02-01T23:57:48.451Z,84,596,1426,6,7,77,13.7,1
2026-02-02T00:02:48.483Z,84,596,1426,6,7,77,13.6,1
2026-02-02T00:07:48.598Z,84,600,1426,6,7,77,13.6,1
2026-02-02T00:12:48.704Z,84,600,1426,6,7,77,13.6,1
2026-02-02T00:17:48.765Z,84,600,1426,6,7,77,13.6,1
2026-02-02T00:22:48.864Z,84,600,1426,6,7,77,13.6,1
2026-02-02T00:27:49.089Z,84,600,1426,6,7,77,13.6,1
2026-02-02T00:32:49.069Z,84,600,1426,6,7,77,13.5,1
2026-02-02T00:37:49.192Z,84,600,1426,6,7,77,13.5,1
2026-02-02T00:42:49.284Z,84,600,1426,6,7,77,13.5,1
2026-02-02T00:47:49.410Z,84,600,1426,6,7,77,13.4,1
2026-02-02T00:52:49.471Z,84,600,1426,6,7,77,13.4,1
2026-02-02T00:57:49.579Z,84,600,1426,6,7,77,13.4,1
2026-02-02T07:02:56.877Z,84,531,1426,8,6,75,11.5,0
2026-02-02T07:07:56.970Z,84,525,1426,9,6,73,11.5,0
2026-02-02T07:12:57.076Z,84,519,1426,9,7,71,11.5,0
2026-02-02T07:17:57.188Z,84,510,1426,9,7,71,11.3,0
2026-02-02T07:22:57.278Z,84,513,1426,9,7,71,11.3,0
2026-02-02T07:27:57.374Z,84,518,1426,11,8,66,11.3,0
2026-02-02T07:32:57.485Z,84,522,1426,9,8,70,11.0,0
2026-02-02T07:37:57.564Z,84,528,1426,10,8,68,11.0,0
2026-02-02T07:42:57.698Z,84,517,1426,10,8,68,11.0,0
2026-02-02T07:47:57.804Z,84,523,1426,10,7,70,10.8,0
2026-02-02T07:52:57.904Z,84,531,1426,11,7,68,10.8,0
2026-02-02T07:57:57.991Z,84,539,1426,11,7,68,10.8,0
2026-02-02T08:02:58.098Z,84,543,1426,11,7,68,10.7,0
2026-02-02T08:07:58.199Z,84,532,1426,11,6,70,10.7,0
2026-02-02T08:12:58.332Z,84,539,1426,10,6,71,10.7,0
2026-02-02T08:17:58.386Z,84,535,1426,11,6,70,10.6,0
2026-02-02T08:22:58.483Z,84,554,1426,12,7,66,10.6,0
2026-02-02T08:27:58.570Z,84,561,1426,14,7,63,10.6,0
2026-02-02T08:32:58.675Z,84,553,1426,12,7,66,10.5,0
2026-02-02T08:37:58.770Z,84,548,1426,14,7,63,10.5,0
2026-02-02T08:42:58.894Z,84,547,1426,15,8,59,10.5,0
2026-02-02T08:47:58.974Z,84,548,1426,15,7,61,10.5,0
2026-02-02T08:52:59.075Z,84,550,1426,15,6,63,10.5,0
2026-02-02T08:57:59.169Z,84,550,1426,15,6,63,10.5,0
2026-02-02T09:02:59.264Z,84,562,1426,13,7,64,10.5,0
2026-02-02T09:07:59.369Z,84,565,1426,12,7,66,10.5,0
2026-02-02T09:12:59.464Z,84,566,1426,13,7,64,10.5,0
2026-02-02T09:17:59.558Z,84,564,1426,14,7,63,10.4,0
2026-02-02T09:22:59.704Z,84,560,1426,16,7,59,10.4,0
2026-02-02T09:27:59.821Z,84,562,1426,15,8,59,10.4,0
2026-02-02T09:32:59.877Z,84,568,1426,15,8,59,10.4,0
2026-02-02T09:37:59.979Z,84,570,1426,16,8,57,10.4,0
2026-02-02T09:43:00.066Z,84,564,1426,16,8,57,10.2,0
2026-02-02T09:48:00.169Z,84,574,1426,16,8,57,10.3,0
2026-02-02T09:53:00.269Z,84,583,1426,14,8,61,10.3,0
2026-02-02T09:58:00.386Z,84,585,1426,12,8,64,10.3,0
2026-02-02T10:03:00.500Z,84,582,1426,11,8,66,10.3,0
2026-02-02T10:08:00.591Z,84,574,1426,12,8,64,10.3,0
2026-02-02T10:13:00.683Z,84,568,1426,12,8,64,10.3,0
2026-02-02T10:18:00.809Z,84,569,1426,12,8,64,10.2,0
2026-02-02T10:23:01.902Z,84,567,1426,10,8,68,10.2,0
2026-02-02T10:28:01.052Z,84,574,1426,10,7,70,10.2,0
2026-02-02T10:33:01.612Z,84,577,1426,10,7,70,10.2,0
2026-02-02T10:38:01.225Z,84,569,1426,11,7,68,10.2,0
2026-02-02T10:43:10.642Z,84,552,1426,11,7,68,10.2,0
2026-02-02T10:48:01.376Z,84,564,1426,13,7,64,10.1,0
2026-02-02T10:53:01.464Z,84,567,1426,14,8,61,10.1,0
2026-02-02T10:58:01.588Z,84,577,1426,13,7,64,10.1,0
2026-02-02T11:03:01.663Z,84,580,1426,12,7,66,10.1,0
2026-02-02T11:08:01.786Z,84,571,1426,14,7,63,10.1,0
2026-02-02T11:13:01.871Z,84,576,1426,14,7,63,10.1,0
2026-02-02T11:18:01.996Z,84,574,1426,14,7,63,10.2,0
2026-02-02T11:23:02.093Z,84,574,1426,13,7,64,10.2,0
2026-02-02T11:28:02.185Z,84,568,1426,15,8,59,10.2,0
2026-02-02T11:33:02.303Z,84,569,1426,14,8,61,10.3,0
2026-02-02T11:38:02.382Z,84,568,1426,13,8,62,10.3,0
2026-02-02T11:43:02.468Z,84,572,1426,13,8,62,10.3,0
2026-02-02T11:48:02.581Z,84,573,1426,11,7,68,10.5,0
2026-02-02T11:53:02.697Z,84,570,1426,11,7,68,10.5,0
2026-02-02T11:58:02.796Z,84,562,1426,11,7,68,10.5,0
2026-02-02T12:03:02.896Z,84,557,1426,9,7,71,10.0,1
2026-02-02T12:08:02.994Z,84,563,1426,9,7,71,10.0,1
2026-02-02T12:13:03.086Z,84,561,1426,6,7,77,10.0,1
2026-02-02T12:18:03.169Z,84,559,1426,6,7,77,10.2,1
2026-02-02T12:23:03.275Z,84,556,1426,7,7,75,10.2,1
2026-02-02T12:28:03.371Z,84,560,1426,8,7,73,10.2,1
2026-02-02T12:33:03.485Z,84,558,1426,6,7,77,10.4,1
2026-02-02T12:38:03.582Z,84,552,1426,7,7,75,10.4,1
2026-02-02T12:43:03.679Z,84,547,1426,6,6,79,10.4,1
2026-02-02T12:48:03.770Z,84,548,1426,6,6,79,10.5,1
2026-02-02T12:53:03.865Z,84,543,1426,8,6,75,10.5,1
2026-02-02T12:58:03.989Z,84,539,1426,8,6,75,10.5,1
2026-02-02T13:03:04.075Z,84,529,1426,10,7,70,10.7,1
2026-02-02T13:08:04.172Z,84,516,1426,10,6,71,10.7,1
2026-02-02T13:13:04.291Z,84,504,1426,8,6,75,10.7,1
2026-02-02T13:18:04.394Z,84,503,1426,7,7,75,10.7,1
2026-02-02T13:23:04.488Z,84,494,1426,7,6,77,10.7,1
2026-02-02T13:28:04.588Z,84,504,1426,10,6,71,10.7,1
2026-02-02T13:33:04.676Z,84,511,1426,10,6,71,10.7,1
2026-02-02T13:38:04.775Z,84,512,1426,8,7,73,10.7,1
2026-02-02T13:43:04.869Z,84,513,1426,7,7,75,10.7,1
2026-02-02T13:48:05.019Z,84,520,1426,7,7,75,10.7,1
2026-02-02T13:53:05.087Z,84,529,1426,6,6,79,10.7,1
2026-02-02T13:58:05.221Z,84,537,1426,6,6,79,10.7,1
2026-02-02T14:03:05.269Z,84,522,1426,7,6,77,10.7,1
2026-02-02T14:08:05.400Z,84,525,1426,7,6,77,10.7,1
2026-02-02T14:13:05.474Z,84,522,1426,7,7,75,10.7,1
2026-02-02T14:18:05.569Z,84,524,1426,6,8,75,10.6,1
2026-02-02T14:23:05.663Z,84,537,1426,6,8,75,10.6,1
2026-02-02T14:28:05.771Z,84,530,1426,6,8,75,10.6,1
2026-02-02T14:33:05.864Z,84,554,1426,6,8,75,10.4,1
2026-02-02T14:38:05.985Z,84,562,1426,6,7,77,10.4,1
2026-02-02T14:43:06.077Z,84,572,1426,6,7,77,10.4,1
2026-02-02T14:48:06.190Z,84,552,1426,6,7,77,10.3,1
2026-02-02T14:53:06.280Z,84,555,1426,6,7,77,10.3,1
2026-02-02T14:58:06.368Z,84,559,1426,6,8,75,10.3,1
2026-02-02T15:03:06.470Z,84,555,1426,6,8,75,10.2,0
2026-02-02T15:08:06.601Z,84,545,1426,6,8,75,10.2,0
2026-02-02T15:13:06.681Z,84,560,1426,6,7,77,10.2,0
2026-02-02T15:18:06.773Z,84,572,1426,6,7,77,10.0,0
2026-02-02T15:23:06.876Z,84,578,1426,6,7,77,10.0,0
2026-02-02T15:28:06.980Z,84,580,1426,7,7,75,10.0,0
2026-02-02T15:33:07.125Z,84,578,1426,7,7,75,9.8,0
2026-02-02T15:38:07.199Z,84,569,1426,6,6,79,9.8,0
2026-02-02T15:43:07.310Z,84,560,1426,7,6,77,9.8,1
2026-02-02T15:48:07.393Z,84,555,1426,7,6,77,9.6,1
2026-02-02T15:53:07.476Z,84,553,1426,6,6,79,9.6,1
2026-02-02T15:58:07.578Z,84,562,1426,6,6,79,9.6,1
2026-02-02T16:03:07.677Z,84,544,1426,6,6,79,9.5,0
2026-02-02T16:08:07.832Z,84,540,1426,7,6,77,9.5,0
2026-02-02T16:13:07.907Z,84,547,1426,7,6,77,9.5,0
2026-02-02T16:18:08.002Z,84,555,1426,6,6,79,9.3,0
2026-02-02T16:23:08.134Z,84,548,1426,6,6,79,9.3,0
2026-02-02T16:28:08.186Z,84,542,1426,6,6,79,9.3,0
2026-02-02T16:33:08.286Z,84,538,1426,6,6,79,9.2,0
2026-02-02T16:38:08.387Z,84,539,1426,6,6,79,9.2,0
2026-02-02T16:43:08.479Z,84,523,1426,6,6,79,9.2,0
2026-02-02T16:48:08.575Z,84,517,1426,7,6,77,9.1,0
2026-02-02T16:53:08.673Z,84,535,1426,8,6,75,9.1,0
2026-02-02T16:58:08.784Z,84,544,1426,8,6,75,9.1,0
2026-02-02T17:03:08.860Z,84,530,1426,9,6,73,9.0,1
2026-02-02T17:08:08.980Z,84,524,1426,9,6,73,9.0,1
2026-02-02T17:13:09.069Z,84,497,1426,9,6,73,9.0,1
2026-02-02T17:18:09.190Z,84,502,1426,8,6,75,8.8,1
2026-02-02T17:23:09.303Z,84,512,1426,10,6,71,8.8,1
2026-02-02T17:28:09.391Z,84,523,1426,12,6,68,8.8,1
2026-02-02T17:33:09.491Z,84,515,1426,11,6,70,8.7,1
2026-02-02T17:38:09.594Z,84,519,1426,11,6,70,8.7,1
2026-02-02T17:43:09.670Z,84,518,1426,12,7,66,8.7,1
2026-02-02T17:48:09.796Z,84,519,1426,11,6,70,8.5,1
2026-02-02T17:53:09.871Z,84,512,1426,11,7,68,8.5,1
2026-02-02T17:58:09.995Z,84,528,1426,9,7,71,8.5,1
2026-02-02T18:03:10.070Z,84,519,1426,9,6,73,8.7,0
2026-02-02T18:08:10.178Z,84,506,1426,8,7,73,8.7,0
2026-02-02T18:13:10.275Z,84,513,1426,8,6,75,8.7,0
2026-02-02T18:18:10.391Z,84,508,1426,8,6,75,8.6,0
2026-02-02T18:23:10.554Z,84,512,1426,8,6,75,8.6,0
2026-02-02T18:28:10.584Z,84,519,1426,8,6,75,8.6,0
2026-02-02T18:33:10.688Z,84,530,1426,8,6,75,8.5,0
2026-02-02T18:38:10.789Z,84,525,1426,9,6,73,8.5,0
2026-02-02T18:43:10.955Z,84,515,1426,9,6,73,8.5,0
2026-02-02T18:48:11.731Z,84,516,1426,7,6,77,8.4,0
2026-02-02T18:53:11.099Z,84,514,1426,9,7,71,8.4,0
2026-02-02T18:58:11.185Z,84,518,1426,10,7,70,8.4,0
2026-02-02T19:03:11.274Z,84,514,1426,9,7,71,8.4,0
2026-02-02T19:08:11.413Z,84,530,1426,7,7,75,8.4,0
2026-02-02T19:13:11.550Z,84,526,1426,8,7,73,8.4,0
2026-02-02T19:18:11.575Z,84,527,1426,7,7,75,8.3,0
2026-02-02T19:23:11.679Z,84,513,1426,8,7,73,8.3,0
2026-02-02T19:28:11.781Z,84,525,1426,9,7,71,8.3,0
2026-02-02T19:33:11.865Z,84,540,1426,9,8,70,8.3,0
2026-02-02T19:38:11.970Z,84,536,1426,8,8,71,8.3,0
2026-02-02T19:43:12.090Z,84,538,1426,9,8,70,8.3,0
2026-02-02T19:48:12.189Z,84,543,1426,8,9,70,8.3,0
2026-02-02T19:53:12.361Z,84,550,1426,8,8,71,8.3,0
2026-02-02T19:58:12.386Z,84,541,1426,9,8,70,8.3,0
2026-02-02T20:03:12.488Z,84,539,1426,10,8,68,8.3,0
2026-02-02T20:08:12.587Z,84,533,1426,10,6,71,8.3,0
2026-02-02T20:13:12.678Z,84,551,1426,10,7,70,8.3,0
2026-02-02T20:18:12.763Z,84,539,1426,10,7,70,8.2,0
2026-02-02T20:23:12.879Z,84,540,1426,10,6,71,8.2,0
2026-02-02T20:28:12.975Z,84,538,1426,10,7,70,8.2,0
2026-02-02T20:33:13.099Z,84,542,1426,9,7,71,8.2,0
2026-02-02T20:38:13.177Z,84,550,1426,8,7,73,8.2,0
2026-02-02T20:43:13.284Z,84,557,1426,8,8,71,8.2,0
2026-02-02T20:48:13.388Z,84,566,1426,9,8,70,8.2,0
2026-02-02T20:53:13.535Z,84,559,1426,9,8,70,8.2,0
2026-02-02T20:58:13.600Z,84,549,1426,8,8,71,8.2,0
2026-02-02T21:03:13.674Z,84,550,1426,7,7,75,8.2,0
2026-02-02T21:08:13.781Z,84,557,1426,7,8,73,8.2,0
2026-02-02T21:13:13.872Z,84,561,1426,8,8,71,8.2,0
2026-02-02T21:18:13.971Z,84,570,1426,8,8,71,8.1,0
2026-02-02T21:23:14.082Z,84,566,1426,8,7,73,8.1,0
2026-02-02T21:28:14.204Z,84,565,1426,8,7,73,8.1,0
2026-02-02T21:33:14.296Z,84,579,1426,8,6,75,8.0,0
2026-02-02T21:38:14.399Z,84,583,1426,9,6,73,8.0,0
2026-02-02T21:43:14.473Z,84,594,1426,9,6,73,8.0,0
2026-02-02T21:48:14.604Z,84,593,1426,9,6,73,8.1,0
2026-02-02T21:53:14.687Z,84,589,1426,10,6,71,8.1,0
2026-02-02T21:58:14.767Z,84,589,1426,10,7,70,8.1,0
2026-02-02T22:03:14.942Z,84,588,1426,10,7,70,8.0,0
2026-02-02T22:08:14.985Z,84,592,1426,10,7,70,8.0,0
2026-02-02T22:13:15.082Z,84,589,1426,10,7,70,8.0,0
2026-02-02T22:18:15.197Z,84,594,1426,10,7,70,8.0,0
2026-02-02T22:23:15.285Z,84,595,1426,10,7,70,8.0,0
2026-02-02T22:28:15.374Z,84,597,1426,10,7,70,8.0,0
2026-02-02T22:33:15.474Z,84,596,1426,10,7,70,8.0,0
2026-02-02T22:38:15.584Z,84,602,1426,10,7,70,8.0,0
2026-02-02T22:43:15.703Z,84,599,1426,10,7,70,8.0,0
2026-02-02T22:48:15.794Z,84,594,1426,10,7,70,8.0,0
2026-02-02T22:53:15.890Z,84,596,1426,9,7,71,8.0,0
2026-02-02T22:58:15.999Z,84,597,1426,9,7,71,8.0,0
2026-02-02T23:03:16.067Z,84,601,1426,9,7,71,8.0,0
2026-02-02T23:08:16.187Z,84,597,1426,9,7,71,8.0,0
2026-02-02T23:13:16.284Z,84,598,1426,10,7,70,8.0,0
2026-02-02T23:18:16.367Z,84,592,1426,10,7,70,8.0,0
2026-02-02T23:23:16.545Z,84,594,1426,10,7,70,8.0,0
2026-02-02T23:28:16.593Z,84,596,1426,10,6,71,8.0,0
2026-02-02T23:33:16.712Z,84,601,1426,9,6,73,8.1,0
2026-02-02T23:38:16.803Z,84,603,1426,9,6,73,8.1,0
2026-02-02T23:43:16.871Z,84,601,1426,9,6,73,8.1,0
2026-02-02T23:48:16.973Z,84,600,1426,9,6,73,8.1,0
2026-02-02T23:53:17.092Z,84,599,1426,9,6,73,8.1,0
2026-02-02T23:58:17.206Z,84,597,1426,9,6,73,7.8,0
2026-02-03T00:08:17.419Z,84,600,1426,8,6,75,7.8,0
2026-02-03T00:13:17.477Z,84,600,1426,8,6,75,7.8,0
2026-02-03T00:18:17.593Z,84,601,1426,8,6,75,7.9,0
2026-02-03T00:23:17.693Z,84,601,1426,8,6,75,7.9,0
2026-02-03T00:28:17.790Z,84,601,1426,8,6,75,7.9,0
2026-02-03T00:33:17.910Z,84,602,1426,8,6,75,8.0,0
2026-02-03T00:38:17.989Z,84,602,1426,8,6,75,8.0,0
2026-02-03T00:43:18.090Z,84,603,1426,8,6,75,8.0,0
2026-02-03T00:48:18.180Z,84,604,1426,8,6,75,8.0,0
2026-02-03T00:53:18.262Z,84,604,1426,8,6,75,8.0,0
2026-02-03T00:58:18.374Z,84,605,1426,8,6,75,8.0,0
2026-02-03T07:03:25.684Z,84,544,1426,7,6,77,7.8,0
2026-02-03T07:08:25.781Z,84,534,1426,9,6,73,7.8,0
2026-02-03T07:13:25.872Z,84,530,1426,8,6,75,7.8,0
2026-02-03T07:18:25.982Z,84,549,1426,8,7,73,7.8,0
2026-02-03T07:23:26.075Z,84,552,1426,7,6,77,7.8,0
2026-02-03T07:28:26.214Z,84,578,1426,8,7,73,7.8,0
2026-02-03T07:33:26.295Z,84,585,1426,7,7,75,7.8,0
2026-02-03T07:38:26.370Z,84,587,1426,8,7,73,7.8,0
2026-02-03T07:43:26.457Z,84,575,1426,8,7,73,7.8,0
2026-02-03T07:48:26.586Z,84,570,1426,8,6,75,7.8,0
2026-02-03T07:53:26.670Z,84,568,1426,8,7,73,7.8,0
2026-02-03T07:58:26.773Z,84,559,1426,9,6,73,7.8,0
2026-02-03T08:03:26.896Z,84,566,1426,8,6,75,7.8,0
2026-02-03T08:08:26.990Z,84,562,1426,7,7,75,7.8,0
2026-02-03T08:13:27.061Z,84,557,1426,7,6,77,7.8,0
2026-02-03T08:18:27.138Z,84,561,1426,9,6,73,7.9,0
2026-02-03T08:23:27.271Z,84,571,1426,8,8,71,7.9,0
2026-02-03T08:28:27.366Z,84,573,1426,8,8,71,7.9,0
2026-02-03T08:33:27.445Z,84,573,1426,11,8,66,8.0,0
2026-02-03T08:38:27.668Z,84,574,1426,11,7,68,8.0,0
2026-02-03T08:43:27.650Z,84,582,1426,11,7,68,8.0,0
2026-02-03T08:48:27.746Z,84,582,1426,11,8,66,8.1,0
2026-02-03T08:53:27.842Z,84,568,1426,11,8,66,8.1,0
2026-02-03T08:58:27.961Z,84,563,1426,11,8,66,8.1,0
2026-02-03T09:03:28.050Z,84,573,1426,11,9,64,8.2,0
2026-02-03T09:08:28.145Z,84,572,1426,10,8,68,8.2,0
2026-02-03T09:13:28.243Z,84,565,1426,10,9,66,8.2,0
2026-02-03T09:18:28.346Z,84,572,1426,9,9,68,8.5,0
2026-02-03T09:23:28.469Z,84,566,1426,8,9,70,8.5,0
2026-02-03T09:28:28.568Z,84,569,1426,7,8,73,8.5,0
2026-02-03T09:33:28.636Z,84,564,1426,7,7,75,8.8,0
2026-02-03T09:38:28.769Z,84,558,1426,8,7,73,8.8,0
2026-02-03T09:43:28.847Z,84,548,1426,7,6,77,8.7,0
2026-02-03T09:48:28.939Z,84,547,1426,9,7,71,8.9,0
2026-02-03T09:53:29.038Z,84,556,1426,9,7,71,8.9,0
2026-02-03T09:58:29.184Z,84,555,1426,10,7,70,8.9,0
2026-02-03T10:03:29.248Z,84,566,1426,10,6,71,9.1,0
2026-02-03T10:08:29.352Z,84,571,1426,10,7,70,9.1,0
2026-02-03T10:13:29.485Z,84,569,1426,9,6,73,9.1,0
2026-02-03T10:18:29.573Z,84,580,1426,8,6,75,9.3,0
2026-02-03T10:23:29.670Z,84,580,1426,7,6,77,9.3,0
2026-02-03T10:28:29.749Z,84,574,1426,7,6,77,9.3,0
2026-02-03T10:33:29.869Z,84,566,1426,7,7,75,9.4,0
2026-02-03T10:38:29.959Z,84,547,1426,7,7,75,9.4,0
2026-02-03T10:43:30.045Z,84,553,1426,6,7,77,9.4,0
2026-02-03T10:48:30.134Z,84,567,1426,6,7,77,9.6,0
2026-02-03T10:53:30.299Z,84,561,1426,8,7,73,9.6,0
2026-02-03T10:58:30.329Z,84,565,1426,9,7,71,9.6,0
2026-02-03T11:03:30.469Z,84,566,1426,10,6,71,9.7,0
2026-02-03T11:08:30.557Z,84,563,1426,9,6,73,9.7,0
2026-02-03T11:13:30.649Z,84,566,1426,9,7,71,9.7,0
2026-02-03T11:18:30.753Z,84,563,1426,8,6,75,9.9,0
2026-02-03T11:23:30.863Z,84,571,1426,9,6,73,9.9,0
2026-02-03T11:28:30.975Z,84,561,1426,10,6,71,9.9,0
2026-02-03T11:33:31.047Z,84,567,1426,9,6,73,10.0,0
2026-02-03T11:38:31.151Z,84,564,1426,9,6,73,10.0,0
2026-02-03T11:43:31.242Z,84,560,1426,11,7,68,10.0,0
2026-02-03T11:48:31.390Z,84,557,1426,11,7,68,10.1,0
2026-02-03T11:53:31.453Z,84,551,1426,9,7,71,10.1,0
2026-02-03T11:58:31.566Z,84,544,1426,9,8,70,10.0,1
2026-02-03T12:03:41.004Z,84,560,1426,9,6,73,10.0,1
2026-02-03T12:08:31.768Z,84,550,1426,9,6,73,10.1,1
2026-02-03T12:13:31.865Z,84,547,1426,8,6,75,10.1,1
2026-02-03T12:18:31.960Z,84,551,1426,7,6,77,10.2,1
2026-02-03T12:23:32.038Z,84,546,1426,7,6,77,10.2,1
2026-02-03T12:28:32.156Z,84,549,1426,7,6,77,10.2,1
2026-02-03T12:33:32.250Z,84,551,1426,7,6,77,10.4,1
2026-02-03T12:38:32.350Z,84,555,1426,7,6,77,10.4,1
2026-02-03T12:43:32.459Z,84,565,1426,7,6,77,10.4,1
2026-02-03T12:48:32.547Z,84,549,1426,8,6,75,10.5,1
2026-02-03T12:53:32.647Z,84,556,1426,8,6,75,10.5,1
2026-02-03T12:58:32.737Z,84,553,1426,7,6,77,10.5,1
2026-02-03T13:03:32.894Z,84,536,1426,6,6,79,10.5,1
2026-02-03T13:08:32.961Z,84,523,1426,6,6,79,10.5,1
2026-02-03T13:13:33.033Z,84,494,1426,6,6,79,10.5,1
2026-02-03T13:18:34.701Z,84,498,1426,6,6,79,10.6,1
2026-02-03T13:23:33.260Z,84,479,1426,6,6,79,10.6,1
2026-02-03T13:28:33.361Z,84,483,1426,9,7,71,10.6,1
2026-02-03T13:33:33.448Z,84,488,1426,10,8,68,10.7,1
2026-02-03T13:38:33.562Z,84,497,1426,11,7,68,10.7,1
2026-02-03T13:43:33.656Z,84,523,1426,10,6,71,10.7,1
2026-02-03T13:48:33.745Z,84,529,1426,10,6,71,10.9,1
2026-02-03T13:53:33.852Z,84,520,1426,9,8,70,10.9,1
2026-02-03T13:58:33.953Z,84,510,1426,10,8,68,10.9,1
2026-02-03T14:03:34.059Z,84,535,1426,9,9,68,10.9,0
2026-02-03T14:08:34.138Z,84,531,1426,11,9,64,10.9,0
2026-02-03T14:13:34.258Z,84,526,1426,11,7,68,10.9,0
2026-02-03T14:18:34.352Z,84,544,1426,9,7,71,11.0,0
2026-02-03T14:23:34.449Z,84,533,1426,8,7,73,11.0,0
2026-02-03T14:28:34.543Z,84,536,1426,9,7,71,11.0,0
2026-02-03T14:33:34.643Z,84,535,1426,7,6,77,11.1,0
2026-02-03T14:38:34.752Z,84,541,1426,9,6,73,11.1,0
2026-02-03T14:43:34.845Z,84,530,1426,8,6,75,11.1,0
2026-02-03T14:48:34.935Z,84,514,1426,9,6,73,11.2,0
2026-02-03T14:53:35.056Z,84,497,1426,9,6,73,11.2,0
2026-02-03T14:58:35.146Z,84,504,1426,7,6,77,11.2,0
2026-02-03T15:03:35.246Z,84,520,1426,6,6,79,11.2,0
2026-02-03T15:08:35.342Z,84,525,1426,7,6,77,11.2,0
2026-02-03T15:13:35.440Z,84,524,1426,9,6,73,11.2,0
2026-02-03T15:18:35.539Z,84,525,1426,9,7,71,11.1,0
2026-02-03T15:23:35.658Z,84,533,1426,8,8,71,11.1,0
2026-02-03T15:28:35.773Z,84,539,1426,8,8,71,11.1,0
2026-02-03T15:33:35.847Z,84,543,1426,9,8,70,10.9,0
2026-02-03T15:38:35.957Z,84,555,1426,8,8,71,10.9,0
2026-02-03T15:43:36.058Z,84,553,1426,8,8,71,11.1,0
2026-02-03T15:48:36.180Z,84,544,1426,8,6,75,11.0,0
2026-02-03T15:53:36.269Z,84,538,1426,8,6,75,11.0,0
2026-02-03T15:58:36.367Z,84,527,1426,10,7,70,11.0,0
2026-02-03T16:03:36.498Z,84,514,1426,9,7,71,10.8,0
2026-02-03T16:08:36.548Z,84,521,1426,11,7,68,10.8,0
2026-02-03T16:13:36.648Z,84,527,1426,10,6,71,10.8,0
2026-02-03T16:18:36.782Z,84,516,1426,7,6,77,10.6,0
2026-02-03T16:23:36.858Z,84,529,1426,6,6,79,10.6,0
2026-02-03T16:28:36.935Z,84,527,1426,7,6,77,10.6,0
2026-02-03T16:33:37.036Z,84,513,1426,9,7,71,10.4,0
2026-02-03T16:38:37.199Z,84,521,1426,11,7,68,10.4,0
2026-02-03T16:43:37.267Z,84,527,1426,9,7,71,10.4,0
2026-02-03T16:48:37.346Z,84,538,1426,10,8,68,10.1,0
2026-02-03T16:53:37.453Z,84,546,1426,8,8,71,10.1,0
2026-02-03T16:58:37.549Z,84,552,1426,7,8,73,10.1,0
2026-02-03T17:03:37.677Z,84,543,1426,7,7,75,10.0,0
2026-02-03T17:08:37.767Z,84,526,1426,8,7,73,10.0,0
2026-02-03T17:13:37.852Z,84,515,1426,8,7,73,10.0,0
2026-02-03T17:18:37.942Z,84,511,1426,7,7,75,9.8,0
2026-02-03T17:23:38.042Z,84,520,1426,8,7,73,9.8,0
2026-02-03T17:28:38.138Z,84,520,1426,7,6,77,9.8,0
2026-02-03T17:33:38.248Z,84,524,1426,7,6,77,9.5,0
2026-02-03T17:38:38.350Z,84,518,1426,6,6,79,9.5,0
2026-02-03T17:43:38.437Z,84,525,1426,7,6,77,9.5,0
2026-02-03T17:48:38.556Z,84,503,1426,8,6,75,9.4,0
2026-02-03T17:53:38.645Z,84,514,1426,7,6,77,9.4,0
2026-02-03T17:58:38.738Z,84,517,1426,7,6,77,9.2,0
2026-02-03T18:03:38.845Z,84,519,1426,8,6,75,9.0,0
2026-02-03T18:08:38.951Z,84,525,1426,9,6,73,9.0,0
2026-02-03T18:13:39.045Z,84,535,1426,8,6,75,9.0,0
2026-02-03T18:18:39.150Z,84,535,1426,7,7,75,9.0,0
2026-02-03T18:23:39.263Z,84,532,1426,7,7,75,9.0,0
2026-02-03T18:28:39.378Z,84,535,1426,6,7,77,9.0,0
2026-02-03T18:33:39.461Z,84,522,1426,7,7,75,9.1,0
2026-02-03T18:38:39.561Z,84,523,1426,6,6,79,9.1,0
2026-02-03T18:43:39.659Z,84,513,1426,7,7,75,9.1,0
2026-02-03T18:48:39.684Z,84,535,1426,7,6,77,9.2,0
2026-02-03T18:53:39.799Z,84,537,1426,6,8,75,9.2,0
2026-02-03T18:58:39.874Z,84,538,1426,7,8,73,9.2,0
2026-02-03T19:03:39.972Z,84,537,1426,7,8,73,9.2,0
2026-02-03T19:08:40.072Z,84,529,1426,6,7,77,9.2,0
2026-02-03T19:13:40.176Z,84,529,1426,7,7,75,9.2,0
2026-02-03T19:18:40.261Z,84,550,1426,6,6,79,9.1,0
2026-02-03T19:23:40.380Z,84,530,1426,7,6,77,9.1,0
2026-02-03T19:28:40.464Z,84,526,1426,6,6,79,9.1,0
2026-02-03T19:33:40.570Z,84,527,1426,7,6,77,9.0,0
2026-02-03T19:38:40.662Z,84,531,1426,8,7,73,9.0,0
2026-02-03T19:43:40.783Z,84,540,1426,9,6,73,9.0,0
2026-02-03T19:48:40.876Z,84,553,1426,9,6,73,8.8,0
2026-02-03T19:53:40.988Z,84,544,1426,9,6,73,8.8,0
2026-02-03T19:58:41.140Z,84,553,1426,9,7,71,8.8,0
2026-02-03T20:03:41.179Z,84,560,1426,8,7,73,8.7,1
2026-02-03T20:08:41.285Z,84,560,1426,9,6,73,8.7,1
2026-02-03T20:13:41.366Z,84,559,1426,9,6,73,8.7,1
2026-02-03T20:18:41.488Z,84,548,1426,10,6,71,8.6,1
2026-02-03T20:23:41.587Z,84,542,1426,9,6,73,8.6,1
2026-02-03T20:28:41.669Z,84,544,1426,7,6,77,8.6,1
2026-02-03T20:33:41.762Z,84,544,1426,7,7,75,8.5,1
2026-02-03T20:38:41.900Z,84,555,1426,7,7,75,8.5,1
2026-02-03T20:43:42.008Z,84,572,1426,6,7,77,8.5,1
2026-02-03T20:48:42.065Z,84,570,1426,8,7,73,8.4,1
2026-02-03T20:53:42.181Z,84,581,1426,7,7,75,8.4,1
2026-02-03T20:58:42.281Z,84,579,1426,7,7,75,8.4,1
2026-02-03T21:03:42.367Z,84,574,1426,7,8,73,8.4,1
2026-02-03T21:08:42.479Z,84,575,1426,8,9,70,8.4,1
2026-02-03T21:13:42.568Z,84,585,1426,7,9,71,8.4,1
2026-02-03T21:18:42.668Z,84,577,1426,7,8,73,8.3,1
2026-02-03T21:23:42.789Z,84,584,1426,6,8,75,8.3,1
2026-02-03T21:28:42.886Z,84,588,1426,6,8,75,8.3,1
2026-02-03T21:33:42.976Z,84,585,1426,6,8,75,8.2,1
2026-02-03T21:38:43.087Z,84,591,1426,6,8,75,8.2,1
